Candidate_Feature,Family,Missing_Category_Type,Semantic_Group,Source_Group,ConsensusRank,ConsensusScore
公路分类_STRKL_MISSING_OR_UNKNOWN,road_type,pure_missing_unknown,unknown_missing_category,STRKL,5,0.66036629840653
行驶车辆所在车道_FSTREIF_MISSING_OR_UNKNOWN,lane,pure_missing_unknown,unknown_missing_category,行驶车辆所在车道_FSTREIF_MISSING_OR,14,0.5974099798677021
道路类型_STRART_MISSING_OR_UNKNOWN,road_type,pure_missing_unknown,unknown_missing_category,STRART,28,0.5342249065286166
VEH_碰撞预警_COLLWARN1_9-未知,crash_type,pure_missing_unknown,unknown_missing_category,VEH_碰撞预警_COLLWARN1,41,0.5136453839516825
沿道路方向的倾斜趋势_NEIGUNG_9-未知,other,pure_missing_unknown,unknown_missing_category,沿道路方向的倾斜趋势_NEIGUNG,46,0.5067848716636698
酒精作用_MEDALK_MISSING_OR_UNKNOWN,other,pure_missing_unknown,unknown_missing_category,酒精作用_MEDALK_MISSING_OR,47,0.5019941123275367
VEH_新能源车辆电池包损坏情况_BATDAM_MISSING_OR_UNKNOWN,other,pure_missing_unknown,unknown_missing_category,VEH_新能源车辆电池包损坏情况_BATDAM_MISSING_OR,49,0.49977622667632815
VEH_照明系统类型-近光灯_SWARTA1_MISSING_OR_UNKNOWN,light,pure_missing_unknown,unknown_missing_category,VEH_照明系统类型-近光灯_SWARTA1_MISSING_OR,57,0.48609419039401786
VEH_护栏导轨类型_SPLANKE_0-不适用,other,pure_missing_unknown,unknown_missing_category,VEH_护栏导轨类型_SPLANKE,58,0.48605479893152015
主动安全场景_ACSCE_MISSING_OR_UNKNOWN,safety,pure_missing_unknown,unknown_missing_category,ACSCE,66,0.47291585764114197
VEH_与护栏碰撞的事故类型_PLANKEK_MISSING_OR_UNKNOWN,crash_type,pure_missing_unknown,unknown_missing_category,VEH_与护栏碰撞的事故类型_PLANKEK_MISSING_OR,68,0.46731348863963185
VEH_车道保持系统_SPURHAE1_9-未知,lane,pure_missing_unknown,unknown_missing_category,VEH_车道保持系统_SPURHAE1,72,0.46287129709519703
VEH_新能源车辆电池包损坏情况_BATDAM_0-不适用,other,pure_missing_unknown,unknown_missing_category,VEH_新能源车辆电池包损坏情况_BATDAM,73,0.46260836775392733
碰撞前的行驶方向_FZGRI_MISSING_OR_UNKNOWN,crash_type,pure_missing_unknown,unknown_missing_category,碰撞前的行驶方向_FZGRI_MISSING_OR,75,0.46163848144952546
VEH_自动紧急制动系统_AEB1_1-有，具体未知,safety,partial_unknown_detail,safety_assistance,VEH_自动紧急制动系统_AEB1,79,0.4591233822260569
VEH_是否与柱状物碰撞_COLUCOLLI_MISSING_OR_UNKNOWN,crash_type,pure_missing_unknown,unknown_missing_category,VEH_是否与柱状物碰撞_COLUCOLLI_MISSING_OR,80,0.45907880356629277
VEH_照明系统类型-远光灯_SWARTF1_MISSING_OR_UNKNOWN,light,pure_missing_unknown,unknown_missing_category,VEH_照明系统类型-远光灯_SWARTF1_MISSING_OR,81,0.45888682772505035
VEH_第二轴右侧轮胎胎面状态_TIREDA2R_MISSING_OR_UNKNOWN,other,pure_missing_unknown,unknown_missing_category,VEH_第二轴右侧轮胎胎面状态_TIREDA2R_MISSING_OR,86,0.455548134858747
VEH_与护栏碰撞的事故类型_PLANKEK_0-不适用,crash_type,pure_missing_unknown,unknown_missing_category,VEH_与护栏碰撞的事故类型_PLANKEK,88,0.45370060396893874
事故碰撞总次数_ACCICOLLINO_MISSING_OR_UNKNOWN,crash_type,pure_missing_unknown,unknown_missing_category,事故碰撞总次数_ACCICOLLINO_MISSING_OR,89,0.45168737417313776
VEH_夜间后视警告_RHILFNS1_MISSING_OR_UNKNOWN,light,pure_missing_unknown,unknown_missing_category,VEH_夜间后视警告_RHILFNS1_MISSING_OR,91,0.45122735116479723
VEH_夜视仪-安装位置_NIGHTWO1_MISSING_OR_UNKNOWN,light,pure_missing_unknown,unknown_missing_category,VEH_夜视仪-安装位置_NIGHTWO1_MISSING_OR,102,0.4451773080241587
VEH_本次碰撞前是否转向_STEERING_MISSING_OR_UNKNOWN,crash_type,pure_missing_unknown,unknown_missing_category,VEH_本次碰撞前是否转向_STEERING_MISSING_OR,110,0.4416695427092321
FEATURE_Age_Group_MISSING_OR_UNKNOWN,age,pure_missing_unknown,unknown_missing_category,FEATURE_Age_Group,111,0.4415832614322692
VEH_挂车是否参与碰撞_TRAIMPCT_0-不适用,crash_type,pure_missing_unknown,unknown_missing_category,VEH_挂车是否参与碰撞_TRAIMPCT,116,0.43864969801553066
VEH_碰撞物体_KONOBJ_MISSING_OR_UNKNOWN,crash_type,pure_missing_unknown,unknown_missing_category,VEH_碰撞物体_KONOBJ_MISSING_OR,121,0.43640638481449523
VEH_执行紧急任务的紧急车辆_BLICHT_MISSING_OR_UNKNOWN,light,pure_missing_unknown,unknown_missing_category,BLICHT,122,0.4360130859936727
VEH_自动变道辅助_SPURWAE1_MISSING_OR_UNKNOWN,lane,pure_missing_unknown,unknown_missing_category,VEH_自动变道辅助_SPURWAE1_MISSING_OR,125,0.43557880356629275
VEH_钻入碰撞_UFAHR_MISSING_OR_UNKNOWN,crash_type,pure_missing_unknown,unknown_missing_category,VEH_钻入碰撞_UFAHR_MISSING_OR,132,0.43430687374173144
VEH_智能前大灯控制_FLICHTASS1_MISSING_OR_UNKNOWN,light,pure_missing_unknown,unknown_missing_category,VEH_智能前大灯控制_FLICHTASS1_MISSING_OR,136,0.4331370434282428
风力_WINDV_MISSING_OR_UNKNOWN,weather,pure_missing_unknown,unknown_missing_category,WINDV,137,0.43295498993385106
VEH_挂车是否参与碰撞_TRAIMPCT_MISSING_OR_UNKNOWN,crash_type,pure_missing_unknown,unknown_missing_category,VEH_挂车是否参与碰撞_TRAIMPCT_MISSING_OR,141,0.4320923209663503
VEH_自动紧急制动系统_AEB1_MISSING_OR_UNKNOWN,safety,pure_missing_unknown,unknown_missing_category,VEH_自动紧急制动系统_AEB1_MISSING_OR,142,0.43193557664653437
VEH_胎痕的分布_SPURZ_9-未知,lane,pure_missing_unknown,unknown_missing_category,SPURZ,144,0.4314948231233823
VEH_第几次碰撞导致的钻入_UFAHRK_0-不适用,crash_type,pure_missing_unknown,unknown_missing_category,VEH_第几次碰撞导致的钻入_UFAHRK,148,0.43059677883232667
路灯类型_LAMPEN_MISSING_OR_UNKNOWN,light,pure_missing_unknown,unknown_missing_category,路灯类型_LAMPEN_MISSING_OR,152,0.42971455277538106
行驶方向的车道数_FSPUR_MISSING_OR_UNKNOWN,lane,pure_missing_unknown,unknown_missing_category,行驶方向的车道数_FSPUR_MISSING_OR,153,0.4295966350301985
道路表面几何_STRZB2_MISSING_OR_UNKNOWN,other,pure_missing_unknown,unknown_missing_category,道路表面几何_STRZB2_MISSING_OR,154,0.42946515120913237
VEH_碰撞前车辆运动曲线_RICHTVU_MISSING_OR_UNKNOWN,crash_type,pure_missing_unknown,unknown_missing_category,VEH_碰撞前车辆运动曲线_RICHTVU_MISSING_OR,158,0.42918751797526605
VEH_碰撞前的滑移偏离_SCHLEU_MISSING_OR_UNKNOWN,crash_type,pure_missing_unknown,unknown_missing_category,VEH_碰撞前的滑移偏离_SCHLEU_MISSING_OR,162,0.42792205924647686
VEH_已确定的技术缺陷对事故的影响_UNFMANG_0-不适用,other,pure_missing_unknown,unknown_missing_category,VEH_已确定的技术缺陷对事故的影响_UNFMANG,167,0.4267421627840092
VEH_胎痕_BSPUR_MISSING_OR_UNKNOWN,lane,pure_missing_unknown,unknown_missing_category,BSPUR,176,0.42473612309462183
VEH_碰撞前的滑移偏离_SCHLEU_1-偏离，具体未知,crash_type,pure_missing_unknown,unknown_missing_category,VEH_碰撞前的滑移偏离_SCHLEU,177,0.42449956859361515
VEH_电子稳定程序_ESP1_1-存在，具体未知,other,partial_unknown_detail,other_unique:VEH_电子稳定程序_ESP1,VEH_电子稳定程序_ESP1,178,0.4238756111590452
不同行驶方向车道的隔离方法_MARK_MISSING_OR_UNKNOWN,lane,pure_missing_unknown,unknown_missing_category,MARK,179,0.42303925798101816
VEH_车辆用途_VEHUSAGE_MISSING_OR_UNKNOWN,vehicle_state,pure_missing_unknown,unknown_missing_category,VEHUSAGE,180,0.4226783146390567
交通灯的功能_LZAB_0-不适用,other,pure_missing_unknown,unknown_missing_category,交通灯的功能_LZAB,182,0.4224684880369318
VEH_车道变更警告_SPURWAW1_MISSING_OR_UNKNOWN,lane,pure_missing_unknown,unknown_missing_category,VEH_车道变更警告_SPURWAW1_MISSING_OR,183,0.42204184641932707
VEH_碰撞预警_COLLWARN1_MISSING_OR_UNKNOWN,crash_type,pure_missing_unknown,unknown_missing_category,VEH_碰撞预警_COLLWARN1_MISSING_OR,187,0.42124964049467933
VEH_胎痕的分布_SPURZ_MISSING_OR_UNKNOWN,lane,pure_missing_unknown,unknown_missing_category,SPURZ,188,0.4203070175438597
事故类型_UTYP_MISSING_OR_UNKNOWN,crash_type,pure_missing_unknown,unknown_missing_category,事故类型_UTYP,199,0.41719442047742306
是否有非机动车道_NOMOTLA_MISSING_OR_UNKNOWN,lane,pure_missing_unknown,unknown_missing_category,是否有非机动车道_NOMOTLA_MISSING_OR,201,0.415781276962899
VEH_碰撞预警_COLLWARN1_1-有，具体未知,crash_type,partial_unknown_detail,safety_assistance,VEH_碰撞预警_COLLWARN1,207,0.41443341961461033
年龄段_ALTERG_MISSING_OR_UNKNOWN,age,pure_missing_unknown,unknown_missing_category,ALTERG,208,0.414404659188956
VEH_车道保持系统_SPURHAE1_MISSING_OR_UNKNOWN,lane,pure_missing_unknown,unknown_missing_category,VEH_车道保持系统_SPURHAE1_MISSING_OR,211,0.4135770779407536
碰撞时参与方状态_PARTISTATUS_MISSING_OR_UNKNOWN,crash_type,pure_missing_unknown,unknown_missing_category,碰撞时参与方状态_PARTISTATUS_MISSING_OR,213,0.4128515962036238
VEH_夜视系统_NIGHTV1_MISSING_OR_UNKNOWN,light,pure_missing_unknown,unknown_missing_category,VEH_夜视系统_NIGHTV1_MISSING_OR,214,0.412783865401208
加速反应_REAKTGAS_0-不适用,other,pure_missing_unknown,unknown_missing_category,加速反应_REAKTGAS,219,0.4108666954270923
公路分类_STRKL_2-公路，具体未知,road_type,pure_missing_unknown,unknown_missing_category,STRKL,221,0.41053781995973543
VEH_照明系统类型-日行灯_SWARTT1_0-不适用,light,pure_missing_unknown,unknown_missing_category,VEH_照明系统类型-日行灯_SWARTT1,222,0.41047382801265464
VEH_本次碰撞前的小碰撞_SMIMPCT_MISSING_OR_UNKNOWN,crash_type,pure_missing_unknown,unknown_missing_category,VEH_本次碰撞前的小碰撞_SMIMPCT_MISSING_OR,226,0.40977423065861374
事故路段车流量_VSTUFE_MISSING_OR_UNKNOWN,road_env,pure_missing_unknown,unknown_missing_category,事故路段车流量_VSTUFE_MISSING_OR,227,0.40969729651998854
雾天时的能见度_NEBELM_MISSING_OR_UNKNOWN,other,pure_missing_unknown,unknown_missing_category,雾天时的能见度_NEBELM_MISSING_OR,230,0.4091318665516249
星期_WOTAG_MISSING_OR_UNKNOWN,other,pure_missing_unknown,unknown_missing_category,星期_WOTAG_MISSING_OR,231,0.4086863333565557
路灯_STRABEL_MISSING_OR_UNKNOWN,light,pure_missing_unknown,unknown_missing_category,路灯_STRABEL_MISSING_OR,235,0.40814423353465634
中央隔离带的视觉防护板或防炫板_BLENDSCH_0-不适用_与对向车道没有结构隔离,lane,pure_missing_unknown,unknown_missing_category,中央隔离带的视觉防护板或防炫板_BLENDSCH_0-不适用,238,0.4076041127408685
年龄月数记录_ALTER2_0-不适用_人员年龄大于2岁,age,pure_missing_unknown,unknown_missing_category,年龄月数记录_ALTER2_0-不适用,241,0.4069269485188381
VEH_第几次碰撞导致的钻入_UFAHRK_MISSING_OR_UNKNOWN,crash_type,pure_missing_unknown,unknown_missing_category,VEH_第几次碰撞导致的钻入_UFAHRK_MISSING_OR,244,0.4066681046879494
VEH_本次碰撞前的驶离道路_ABKOM_9-未知,crash_type,pure_missing_unknown,unknown_missing_category,VEH_本次碰撞前的驶离道路_ABKOM,246,0.40655306298533217
VEH_车道偏离报警系统_SPURHAW1_MISSING_OR_UNKNOWN,lane,pure_missing_unknown,unknown_missing_category,VEH_车道偏离报警系统_SPURHAW1_MISSING_OR,250,0.40515027322404373
VEH_本次碰撞前是否制动_BRAKEBEF_MISSING_OR_UNKNOWN,crash_type,pure_missing_unknown,unknown_missing_category,VEH_本次碰撞前是否制动_BRAKEBEF_MISSING_OR,253,0.405
性别_GESCHL_9-未知,bio,pure_missing_unknown,unknown_missing_category,GESCHL,257,0.40384311187805577
FEATURE_Opp_Powertrain_未知,vehicle_state,pure_missing_unknown,unknown_missing_category,FEATURE_Opp_Powertrain,258,0.4036676732815646
年龄月数记录_ALTER2_99-未知,age,pure_missing_unknown,unknown_missing_category,年龄月数记录_ALTER2,260,0.4033606557377049
VEH_碰撞前的滑移痕迹_SSPUR_MISSING_OR_UNKNOWN,lane,pure_missing_unknown,unknown_missing_category,VEH_碰撞前的滑移痕迹_SSPUR_MISSING_OR,261,0.40311748633879785
碰撞前驾驶员意图_ABSICHT_MISSING_OR_UNKNOWN,crash_type,pure_missing_unknown,unknown_missing_category,碰撞前驾驶员意图_ABSICHT_MISSING_OR,263,0.402411561691113
VEH_第一轴右侧轮胎纹深_TIREDE1R_MISSING_OR_UNKNOWN,other,pure_missing_unknown,unknown_missing_category,VEH_第一轴右侧轮胎纹深_TIREDE1R_MISSING_OR,267,0.40090638481449525
路面情况_STROB_MISSING_OR_UNKNOWN,road_surface,pure_missing_unknown,unknown_missing_category,STROB,268,0.4000494679321254
进入公交车站是否安全_BUSHS_0-不适用,safety,pure_missing_unknown,unknown_missing_category,进入公交车站是否安全_BUSHS,271,0.39880356629278113
VEH_照明系统类型-日行灯_SWARTT1_MISSING_OR_UNKNOWN,light,pure_missing_unknown,unknown_missing_category,VEH_照明系统类型-日行灯_SWARTT1_MISSING_OR,273,0.39845197008915734
道路表面_STRZB1_MISSING_OR_UNKNOWN,other,pure_missing_unknown,unknown_missing_category,道路表面_STRZB1_MISSING_OR,274,0.3981361806154732
VEH_车道变更警告_SPURWAW1_9-未知,lane,pure_missing_unknown,unknown_missing_category,VEH_车道变更警告_SPURWAW1,278,0.3973941616335922
VEH_夜视仪-安装位置_NIGHTWO1_0-不适用，没有夜视系统,light,pure_missing_unknown,unknown_missing_category,VEH_夜视仪-安装位置_NIGHTWO1,281,0.3965825424216278
进入公交车站是否安全_BUSHS_MISSING_OR_UNKNOWN,safety,pure_missing_unknown,unknown_missing_category,进入公交车站是否安全_BUSHS_MISSING_OR,282,0.39650273224043714
对向车道数_FSPURG_MISSING_OR_UNKNOWN,lane,pure_missing_unknown,unknown_missing_category,对向车道数_FSPURG_MISSING_OR,285,0.39551553062985334
VEH_NEDC续航里程_MILEAGE_MISSING_OR_UNKNOWN,other,pure_missing_unknown,unknown_missing_category,VEH_NEDC续航里程_MILEAGE_MISSING_OR,295,0.39281550186942765
VEH_钻入方式_ARTUFAHR_0-不适用，未钻入,other,pure_missing_unknown,unknown_missing_category,VEH_钻入方式_ARTUFAHR,296,0.3927865585374213
VEH_车道偏离报警系统_SPURHAW1_9-未知,lane,pure_missing_unknown,unknown_missing_category,VEH_车道偏离报警系统_SPURHAW1,300,0.3921793212539546
VEH_自动紧急制动系统_AEB1_9-未知,safety,pure_missing_unknown,unknown_missing_category,VEH_自动紧急制动系统_AEB1,305,0.39106701179177455
VEH_挡风玻璃加热装置_FSHEIZ1_MISSING_OR_UNKNOWN,other,pure_missing_unknown,unknown_missing_category,VEH_挡风玻璃加热装置_FSHEIZ1_MISSING_OR,312,0.39022706356054065
VEH_车轴数_ACHSEN_MISSING_OR_UNKNOWN,other,pure_missing_unknown,unknown_missing_category,VEH_车轴数_ACHSEN_MISSING_OR,315,0.38961274086856484
道路表面的轨道_SCHIENEN_MISSING_OR_UNKNOWN,other,pure_missing_unknown,unknown_missing_category,道路表面的轨道_SCHIENEN_MISSING_OR,322,0.3876098648259994
VEH_动力电池种类_BATTYPE_MISSING_OR_UNKNOWN,other,pure_missing_unknown,unknown_missing_category,VEH_动力电池种类_BATTYPE_MISSING_OR,328,0.3856829163071614
ARU事故原因1_URSWIS1_MISSING_OR_UNKNOWN,other,pure_missing_unknown,unknown_missing_category,URSWIS,330,0.3847717860224332
VEH_技术缺陷类型_5_TWELCH5_0-不适用,other,pure_missing_unknown,unknown_missing_category,VEH_技术缺陷类型_5_TWELCH5,333,0.3837651711245327
不同行驶方向车道的隔离方法_MARK_0-不适用,lane,pure_missing_unknown,unknown_missing_category,MARK,336,0.382343255680184
VEH_前雾灯的使用_NEBELV1_MISSING_OR_UNKNOWN,other,pure_missing_unknown,unknown_missing_category,VEH_前雾灯的使用_NEBELV1_MISSING_OR,337,0.38222246189243597
交通信号的视线障碍_VSSICHT_0-不适用,other,pure_missing_unknown,unknown_missing_category,交通信号的视线障碍_VSSICHT,339,0.382087863100374
VEH_发动机安装方式_MOTOREL_MISSING_OR_UNKNOWN,other,pure_missing_unknown,unknown_missing_category,VEH_发动机安装方式_MOTOREL_MISSING_OR,342,0.38167601380500427
VEH_车辆类型_FZART_0-乘用车，具体未知,other,pure_missing_unknown,unknown_missing_category,VEH_车辆类型_FZART,345,0.38130212827149845
道路类型_STRART_99-未知,road_type,pure_missing_unknown,unknown_missing_category,STRART,350,0.38031061259706644
VEH_护栏立柱间距_SPPFOST_0-不适用,other,pure_missing_unknown,unknown_missing_category,VEH_护栏立柱间距_SPPFOST,353,0.37984454989933847
VEH_车道保持系统_SPURHAE1_1-有，具体未知,lane,partial_unknown_detail,safety_assistance,VEH_车道保持系统_SPURHAE1,354,0.37955349439171704
VEH_换挡控制单元_BESCHALT1_MISSING_OR_UNKNOWN,other,pure_missing_unknown,unknown_missing_category,VEH_换挡控制单元_BESCHALT1_MISSING_OR,356,0.37937517975266033
VEH_共享车辆_VEHSHARE_MISSING_OR_UNKNOWN,other,pure_missing_unknown,unknown_missing_category,VEH_共享车辆_VEHSHARE_MISSING_OR,361,0.3785020132297958
VEH_技术缺陷类型_5_TWELCH5_MISSING_OR_UNKNOWN,other,pure_missing_unknown,unknown_missing_category,VEH_技术缺陷类型_5_TWELCH5_MISSING_OR,362,0.3782627264883521
VEH_技术缺陷类型_3_TWELCH3_MISSING_OR_UNKNOWN,other,pure_missing_unknown,unknown_missing_category,VEH_技术缺陷类型_3_TWELCH3_MISSING_OR,363,0.37809016393442624
VEH_前照灯清洗系统_SWPUTZ1_MISSING_OR_UNKNOWN,other,pure_missing_unknown,unknown_missing_category,VEH_前照灯清洗系统_SWPUTZ1_MISSING_OR,364,0.37795556514236406
VEH_护栏类型_PLANKEA_MISSING_OR_UNKNOWN,other,pure_missing_unknown,unknown_missing_category,VEH_护栏类型_PLANKEA_MISSING_OR,367,0.37747699165947657
VEH_新能源汽车类型_NEVTYPE_0-不适用,vehicle_state,pure_missing_unknown,unknown_missing_category,VEH_新能源汽车类型_NEVTYPE,371,0.3770067587000288
先期疾病3_VORKR3_MISSING_OR_UNKNOWN,other,pure_missing_unknown,unknown_missing_category,先期疾病3_VORKR3_MISSING_OR,376,0.37608613747483466
公交车站对事故的影响_BUSHE_MISSING_OR_UNKNOWN,other,pure_missing_unknown,unknown_missing_category,公交车站对事故的影响_BUSHE_MISSING_OR,384,0.37512784009203337
VEH_技术缺陷类型_1_TWELCH1_0-不适用,other,pure_missing_unknown,unknown_missing_category,VEH_技术缺陷类型_1_TWELCH1,390,0.3744088294506759
VEH_刹车灯_BLIART1_MISSING_OR_UNKNOWN,other,pure_missing_unknown,unknown_missing_category,VEH_刹车灯_BLIART1_MISSING_OR,392,0.37431334483750356
刹车响应_REAKTBR_0-不适用,other,pure_missing_unknown,unknown_missing_category,刹车响应_REAKTBR,395,0.3740832614322692
VEH_第二轴右侧轮胎纹深_TIREDE2R_MISSING_OR_UNKNOWN,other,pure_missing_unknown,unknown_missing_category,VEH_第二轴右侧轮胎纹深_TIREDE2R_MISSING_OR,396,0.3740729076790337
VEH_是否与护栏碰撞_BARRCOLLI_MISSING_OR_UNKNOWN,crash_type,pure_missing_unknown,unknown_missing_category,VEH_是否与护栏碰撞_BARRCOLLI_MISSING_OR,402,0.3733727351164797
VEH_前防撞栏_FSCHB_MISSING_OR_UNKNOWN,other,pure_missing_unknown,unknown_missing_category,VEH_前防撞栏_FSCHB_MISSING_OR,405,0.3731525740580961
VEH_抬头显示_HUDVORH1_MISSING_OR_UNKNOWN,other,pure_missing_unknown,unknown_missing_category,VEH_抬头显示_HUDVORH1_MISSING_OR,407,0.37302832901926947
事故时的分心驾驶行为3_DISDRIVE3_MISSING_OR_UNKNOWN,other,pure_missing_unknown,unknown_missing_category,事故时的分心驾驶行为3_DISDRIVE3_MISSING_OR,408,0.37290408398044295
驾照等级与车型是否相符_LICENFIT_0-不适用,other,pure_missing_unknown,unknown_missing_category,驾照等级与车型是否相符_LICENFIT,409,0.3728454127121081
VEH_第一轴左侧轮胎胎面状态_TIREDA1L_MISSING_OR_UNKNOWN,other,pure_missing_unknown,unknown_missing_category,VEH_第一轴左侧轮胎胎面状态_TIREDA1L_MISSING_OR,413,0.37166738567730795
VEH_牵引力控制系统_ASR1_MISSING_OR_UNKNOWN,other,pure_missing_unknown,unknown_missing_category,VEH_牵引力控制系统_ASR1_MISSING_OR,414,0.37160986482599945
交通限速设施_SPLIFA_MISSING_OR_UNKNOWN,other,pure_missing_unknown,unknown_missing_category,交通限速设施_SPLIFA_MISSING_OR,420,0.3706699741156169
事故前是否受到警告_REAKTHUP_MISSING_OR_UNKNOWN,other,pure_missing_unknown,unknown_missing_category,事故前是否受到警告_REAKTHUP_MISSING_OR,421,0.37054572907679034
VEH_制动力分配系统_EBD1_9-未知,vehicle_state,pure_missing_unknown,unknown_missing_category,VEH_制动力分配系统_EBD1,422,0.370506902502157
VEH_护栏立柱间距_SPPFOST_MISSING_OR_UNKNOWN,other,pure_missing_unknown,unknown_missing_category,VEH_护栏立柱间距_SPPFOST_MISSING_OR,426,0.3695862812769629
水膜的影响_AQUAPL_MISSING_OR_UNKNOWN,other,pure_missing_unknown,unknown_missing_category,水膜的影响_AQUAPL_MISSING_OR,429,0.3691548748921484
VEH_变速器_GETRIEBE_MISSING_OR_UNKNOWN,other,pure_missing_unknown,unknown_missing_category,VEH_变速器_GETRIEBE_MISSING_OR,431,0.36905018694276676
国籍_NAT_MISSING_OR_UNKNOWN,other,pure_missing_unknown,unknown_missing_category,国籍_NAT_MISSING_OR,433,0.36882010353753236
车内视线障碍_SBINNEN_MISSING_OR_UNKNOWN,other,pure_missing_unknown,unknown_missing_category,车内视线障碍_SBINNEN_MISSING_OR,434,0.36882010353753236
VEH_第一轴右侧轮胎胎压_TIREPR1R_0-不适用,other,pure_missing_unknown,unknown_missing_category,VEH_第一轴右侧轮胎胎压_TIREPR1R,438,0.36819657750934714
事故时的分心驾驶行为2_DISDRIVE2_0-不适用,other,pure_missing_unknown,unknown_missing_category,事故时的分心驾驶行为2_DISDRIVE2,442,0.3678997699165948
VEH_第二轴是否双胎_DOUTIRE2_MISSING_OR_UNKNOWN,other,pure_missing_unknown,unknown_missing_category,VEH_第二轴是否双胎_DOUTIRE2_MISSING_OR,443,0.3678710094909405
VEH_行人主动安全系统_FGSCHUTZ1_0-不适用,safety,pure_missing_unknown,unknown_missing_category,VEH_行人主动安全系统_FGSCHUTZ1,445,0.36782858786310035
超车_UEBERHOL_MISSING_OR_UNKNOWN,other,pure_missing_unknown,unknown_missing_category,超车_UEBERHOL_MISSING_OR,450,0.36743960310612594
VEH_燃料_EQUELLE_MISSING_OR_UNKNOWN,other,pure_missing_unknown,unknown_missing_category,VEH_燃料_EQUELLE_MISSING_OR,451,0.36741084268047164
VEH_第二轴左侧轮胎尺寸-宽度_TIRESIW2L_MISSING_OR_UNKNOWN,other,pure_missing_unknown,unknown_missing_category,VEH_第二轴左侧轮胎尺寸-宽度_TIRESIW2L_MISSING_OR,452,0.3672371297095196
VEH_第一轴左侧轮胎尺寸-高宽比_TIRESIR1L_MISSING_OR_UNKNOWN,other,pure_missing_unknown,unknown_missing_category,VEH_第一轴左侧轮胎尺寸-高宽比_TIRESIR1L_MISSING_OR,454,0.3671232384239287
强光影响_BLEND_MISSING_OR_UNKNOWN,other,pure_missing_unknown,unknown_missing_category,强光影响_BLEND_MISSING_OR,459,0.36649050905953406
VEH_第一轴左侧轮胎胎压_TIREPR1L_MISSING_OR_UNKNOWN,other,pure_missing_unknown,unknown_missing_category,VEH_第一轴左侧轮胎胎压_TIREPR1L_MISSING_OR,463,0.3660303422490653
转向反应_REAKTLE2_MISSING_OR_UNKNOWN,other,pure_missing_unknown,unknown_missing_category,转向反应_REAKTLE2_MISSING_OR,473,0.365138769053782
事故时的分心驾驶行为3_DISDRIVE3_0-不适用,other,pure_missing_unknown,unknown_missing_category,事故时的分心驾驶行为3_DISDRIVE3,474,0.3651100086281277
沿道路方向的倾斜趋势_NEIGUNG_MISSING_OR_UNKNOWN,other,pure_missing_unknown,unknown_missing_category,沿道路方向的倾斜趋势_NEIGUNG_MISSING_OR,477,0.3647073626689675
VEH_官方车辆等级_KLASSECE_MISSING_OR_UNKNOWN,other,pure_missing_unknown,unknown_missing_category,VEH_官方车辆等级_KLASSECE_MISSING_OR,478,0.3647073626689675
VEH_酒精锁死系统_ALKOLOCK1_MISSING_OR_UNKNOWN,other,pure_missing_unknown,unknown_missing_category,VEH_酒精锁死系统_ALKOLOCK1_MISSING_OR,481,0.3645152430255968
事故时的分心驾驶行为2_DISDRIVE2_MISSING_OR_UNKNOWN,other,pure_missing_unknown,unknown_missing_category,事故时的分心驾驶行为2_DISDRIVE2_MISSING_OR,482,0.3645152430255968
事故前觉察_WAHRNEHM_MISSING_OR_UNKNOWN,other,pure_missing_unknown,unknown_missing_category,事故前觉察_WAHRNEHM_MISSING_OR,485,0.36417011791774523
VEH_第二轴左侧轮胎尺寸-轮辋直径_TIRESIH2L_MISSING_OR_UNKNOWN,other,pure_missing_unknown,unknown_missing_category,VEH_第二轴左侧轮胎尺寸-轮辋直径_TIRESIH2L_MISSING_OR,491,0.3632693413862525
道路线性_STRLIN_MISSING_OR_UNKNOWN,other,pure_missing_unknown,unknown_missing_category,道路线性_STRLIN_MISSING_OR,494,0.36290465918895604
VEH_新能源汽车类型_NEVTYPE_MISSING_OR_UNKNOWN,vehicle_state,pure_missing_unknown,unknown_missing_category,VEH_新能源汽车类型_NEVTYPE_MISSING_OR,495,0.36288538970376766
碰撞前驾驶员意图_ABSICHT_0-不适用,crash_type,pure_missing_unknown,unknown_missing_category,碰撞前驾驶员意图_ABSICHT,500,0.3623862525165372
VEH_左/右舵驾驶_LENKER_MISSING_OR_UNKNOWN,other,pure_missing_unknown,unknown_missing_category,VEH_左/右舵驾驶_LENKER_MISSING_OR,501,0.3620901639344262
VEH_第二轴右侧轮胎生产年份_TIREYE2R_9999-未知,other,pure_missing_unknown,unknown_missing_category,VEH_第二轴右侧轮胎生产年份_TIREYE2R,502,0.361975122231809
VEH_车尾灯_RLIART1_MISSING_OR_UNKNOWN,other,pure_missing_unknown,unknown_missing_category,VEH_车尾灯_RLIART1_MISSING_OR,503,0.3619463618061547
加速反应_REAKTGAS_MISSING_OR_UNKNOWN,other,pure_missing_unknown,unknown_missing_category,加速反应_REAKTGAS_MISSING_OR,504,0.3618600805291919
车内视线障碍_SBINNEN_0-不适用,other,pure_missing_unknown,unknown_missing_category,车内视线障碍_SBINNEN,507,0.36165875754961174
VEH_钻入方式_ARTUFAHR_MISSING_OR_UNKNOWN,other,pure_missing_unknown,unknown_missing_category,VEH_钻入方式_ARTUFAHR_MISSING_OR,513,0.3606233822260569
风力_WINDV_9-未知,weather,pure_missing_unknown,unknown_missing_category,WINDV,514,0.3605937589876331
VEH_电池托盘材质_TRAYMAT_MISSING_OR_UNKNOWN,other,pure_missing_unknown,unknown_missing_category,VEH_电池托盘材质_TRAYMAT_MISSING_OR,517,0.360249496692551
VEH_中部遮阳板_SBLENDM1_MISSING_OR_UNKNOWN,other,pure_missing_unknown,unknown_missing_category,VEH_中部遮阳板_SBLENDM1_MISSING_OR,518,0.3602207362668967
VEH_牵引力控制系统_ASR1_1-存在，具体未知,other,partial_unknown_detail,other_unique:VEH_牵引力控制系统_ASR1,VEH_牵引力控制系统_ASR1,519,0.35993313201035376
VEH_钻入碰撞_UFAHR_0-不适用,crash_type,pure_missing_unknown,unknown_missing_category,VEH_钻入碰撞_UFAHR,520,0.3599036525740581
VEH_挂车数量_NOTRAI_MISSING_OR_UNKNOWN,other,pure_missing_unknown,unknown_missing_category,VEH_挂车数量_NOTRAI_MISSING_OR,522,0.3598756111590452
VEH_日间行车灯_TAGFL1_MISSING_OR_UNKNOWN,other,pure_missing_unknown,unknown_missing_category,VEH_日间行车灯_TAGFL1_MISSING_OR,525,0.35951092896174863
无意识变道原因_SPVERLAG_MISSING_OR_UNKNOWN,other,pure_missing_unknown,unknown_missing_category,无意识变道原因_SPVERLAG_MISSING_OR,527,0.35909907966637905
驾驶执照等级_DRILICEN_MISSING_OR_UNKNOWN,other,pure_missing_unknown,unknown_missing_category,驾驶执照等级_DRILICEN_MISSING_OR,529,0.35873439746908253
VEH_行人主动安全系统_FGSCHUTZ1_9-未知,safety,pure_missing_unknown,unknown_missing_category,VEH_行人主动安全系统_FGSCHUTZ1,530,0.3585677308024159
VEH_第二轴右侧轮胎尺寸-高宽比_TIRESIR2R_MISSING_OR_UNKNOWN,other,pure_missing_unknown,unknown_missing_category,VEH_第二轴右侧轮胎尺寸-高宽比_TIRESIR2R_MISSING_OR,531,0.3585526315789474
VEH_智能前大灯控制_FLICHTASS1_0-不适用,light,pure_missing_unknown,unknown_missing_category,VEH_智能前大灯控制_FLICHTASS1,534,0.35838869715271787
VEH_夜间后视警告_RHILFNS1_0-不适用,light,pure_missing_unknown,unknown_missing_category,VEH_夜间后视警告_RHILFNS1,537,0.3579572907679034
云、雾_WOLK_MISSING_OR_UNKNOWN,other,pure_missing_unknown,unknown_missing_category,云、雾_WOLK_MISSING_OR,540,0.35774733966062694
VEH_车辆类型（自定义）_FART_MISSING_OR_UNKNOWN,other,pure_missing_unknown,unknown_missing_category,VEH_车辆类型（自定义）_FART_MISSING_OR,543,0.35725841242450385
事故类型_UTYP_351-路口，转向优先道路车辆与前面对向直线行驶车辆（中国不适用）,crash_type,pure_missing_unknown,unknown_missing_category,事故类型_UTYP,546,0.35699884958297384
公交车站对事故的影响_BUSHE_0-不适用,other,pure_missing_unknown,unknown_missing_category,公交车站对事故的影响_BUSHE,554,0.3561942766752948
道路横截面轮廓_PROFILQ_MISSING_OR_UNKNOWN,other,pure_missing_unknown,unknown_missing_category,道路横截面轮廓_PROFILQ_MISSING_OR,555,0.3561747195858499
VEH_第一轴右侧轮胎胎压_TIREPR1R_MISSING_OR_UNKNOWN,other,pure_missing_unknown,unknown_missing_category,VEH_第一轴右侧轮胎胎压_TIREPR1R_MISSING_OR,556,0.3561459591601956
眼镜对事故的影响_BRILLEE_0-不适用,other,pure_missing_unknown,unknown_missing_category,眼镜对事故的影响_BRILLEE,557,0.3561367558239862
VEH_技术缺陷类型_4_TWELCH4_MISSING_OR_UNKNOWN,other,pure_missing_unknown,unknown_missing_category,VEH_技术缺陷类型_4_TWELCH4_MISSING_OR,559,0.3560792349726776
VEH_技术缺陷类型_3_TWELCH3_0-不适用,other,pure_missing_unknown,unknown_missing_category,VEH_技术缺陷类型_3_TWELCH3,560,0.35605967788323273
VEH_电子稳定程序_ESP1_9-未知,other,pure_missing_unknown,unknown_missing_category,VEH_电子稳定程序_ESP1,563,0.3557145527753811
VEH_照明系统类型-近光灯_SWARTA1_1-有，具体未知,light,partial_unknown_detail,lighting_visibility,VEH_照明系统类型-近光灯_SWARTA1,565,0.35554141501294223
VEH_疲劳驾驶提醒_ABLENKON1_MISSING_OR_UNKNOWN,other,pure_missing_unknown,unknown_missing_category,VEH_疲劳驾驶提醒_ABLENKON1_MISSING_OR,570,0.35492881794650566
身材_STATUR_MISSING_OR_UNKNOWN,other,pure_missing_unknown,unknown_missing_category,身材_STATUR_MISSING_OR,571,0.3547562553925798
VEH_是否为挂车_ISTRAILER_MISSING_OR_UNKNOWN,other,pure_missing_unknown,unknown_missing_category,VEH_是否为挂车_ISTRAILER_MISSING_OR,572,0.3547562553925798
无意识变道原因_SPVERLAG_0-不适用,other,pure_missing_unknown,unknown_missing_category,无意识变道原因_SPVERLAG,583,0.35420980730514817
VEH_技术缺陷类型_4_TWELCH4_0-不适用,other,pure_missing_unknown,unknown_missing_category,VEH_技术缺陷类型_4_TWELCH4,587,0.3531744319815934
VEH_前部停车距离控制_PARKV1_MISSING_OR_UNKNOWN,other,pure_missing_unknown,unknown_missing_category,VEH_前部停车距离控制_PARKV1_MISSING_OR,589,0.3528097497842968
道路材料_STRDECK_MISSING_OR_UNKNOWN,other,pure_missing_unknown,unknown_missing_category,道路材料_STRDECK_MISSING_OR,592,0.35259922346850736
VEH_通信设备控制单元_BETELKOM1_MISSING_OR_UNKNOWN,other,pure_missing_unknown,unknown_missing_category,VEH_通信设备控制单元_BETELKOM1_MISSING_OR,593,0.3525417026171987
事故现场周边的公交车站_BUSH_MISSING_OR_UNKNOWN,other,pure_missing_unknown,unknown_missing_category,事故现场周边的公交车站_BUSH_MISSING_OR,595,0.3524266609145815
VEH_左侧遮阳板_SBLENDL1_MISSING_OR_UNKNOWN,other,pure_missing_unknown,unknown_missing_category,VEH_左侧遮阳板_SBLENDL1_MISSING_OR,596,0.3524071038251366
VEH_夜视仪-安装位置_NIGHTWO1_9-未知,light,pure_missing_unknown,unknown_missing_category,VEH_夜视仪-安装位置_NIGHTWO1,597,0.3524065286166235
避让反应_REAKTLE_MISSING_OR_UNKNOWN,other,pure_missing_unknown,unknown_missing_category,避让反应_REAKTLE_MISSING_OR,598,0.35236914006327297
VEH_已确定的技术缺陷对事故的影响_UNFMANG_MISSING_OR_UNKNOWN,other,pure_missing_unknown,unknown_missing_category,VEH_已确定的技术缺陷对事故的影响_UNFMANG_MISSING_OR,600,0.35220578084555654
ARU事故原因4_URSWIS4_MISSING_OR_UNKNOWN,other,pure_missing_unknown,unknown_missing_category,ARU事故原因4_URSWIS4_MISSING_OR,602,0.3518894161633593
衣着厚度_BEKLST_MISSING_OR_UNKNOWN,other,pure_missing_unknown,unknown_missing_category,衣着厚度_BEKLST_MISSING_OR,603,0.3516018119068162
驾照等级与车型是否相符_LICENFIT_MISSING_OR_UNKNOWN,other,pure_missing_unknown,unknown_missing_category,驾照等级与车型是否相符_LICENFIT_MISSING_OR,604,0.3515155306298533
酒精测试_ALKOTEST_MISSING_OR_UNKNOWN,other,pure_missing_unknown,unknown_missing_category,酒精测试_ALKOTEST_MISSING_OR,605,0.35150632729364395
VEH_第一轴右侧轮胎尺寸-宽度_TIRESIW1R_MISSING_OR_UNKNOWN,other,pure_missing_unknown,unknown_missing_category,VEH_第一轴右侧轮胎尺寸-宽度_TIRESIW1R_MISSING_OR,606,0.3513912855910267
VEH_直流最大充电电压_DCCHV_MISSING_OR_UNKNOWN,other,pure_missing_unknown,unknown_missing_category,VEH_直流最大充电电压_DCCHV_MISSING_OR,609,0.3512854472246189
VEH_第一轴右侧轮胎尺寸-轮辋直径_TIRESIH1R_MISSING_OR_UNKNOWN,other,pure_missing_unknown,unknown_missing_category,VEH_第一轴右侧轮胎尺寸-轮辋直径_TIRESIH1R_MISSING_OR,612,0.35124748346275525
VEH_第一轴左侧轮胎纹深_TIREDE1L_MISSING_OR_UNKNOWN,other,pure_missing_unknown,unknown_missing_category,VEH_第一轴左侧轮胎纹深_TIREDE1L_MISSING_OR,613,0.35122792637331035
VEH_车辆是否超载_VEHOVLOA_MISSING_OR_UNKNOWN,other,pure_missing_unknown,unknown_missing_category,VEH_车辆是否超载_VEHOVLOA_MISSING_OR,619,0.3506147540983607
事故时的分心驾驶行为1_DISDRIVE1_0-不适用,other,pure_missing_unknown,unknown_missing_category,事故时的分心驾驶行为1_DISDRIVE1,620,0.3505664365832615
行人未注意_仅行人事故_FGAUFME_MISSING_OR_UNKNOWN,other,pure_missing_unknown,unknown_missing_category,行人未注意_仅行人事故_FGAUFME_MISSING_OR,621,0.35055723324705207
驾驶执照等级_DRILICEN_0-不适用,other,pure_missing_unknown,unknown_missing_category,驾驶执照等级_DRILICEN,628,0.3501258268622376
VEH_第一轴右侧轮胎尺寸-高宽比_TIRESIR1R_MISSING_OR_UNKNOWN,other,pure_missing_unknown,unknown_missing_category,VEH_第一轴右侧轮胎尺寸-高宽比_TIRESIR1R_MISSING_OR,629,0.35012582686223753
VEH_特殊轮胎_ZBREIF_MISSING_OR_UNKNOWN,other,pure_missing_unknown,unknown_missing_category,VEH_特殊轮胎_ZBREIF_MISSING_OR,631,0.34995326430831175
视线障碍的类型_SICHTV_MISSING_OR_UNKNOWN,other,pure_missing_unknown,unknown_missing_category,视线障碍的类型_SICHTV_MISSING_OR,635,0.3498382226056945
VEH_车辆颜色_FARBE_MISSING_OR_UNKNOWN,other,pure_missing_unknown,unknown_missing_category,VEH_车辆颜色_FARBE_MISSING_OR,636,0.34978070175438597
VEH_第二轴左侧轮胎纹深_TIREDE2L_MISSING_OR_UNKNOWN,other,pure_missing_unknown,unknown_missing_category,VEH_第二轴左侧轮胎纹深_TIREDE2L_MISSING_OR,637,0.349761144664941
估计事发前的速度_VSCHAETZ_MISSING_OR_UNKNOWN,other,pure_missing_unknown,unknown_missing_category,估计事发前的速度_VSCHAETZ_MISSING_OR,639,0.3494643370721887
VEH_第二轴右侧轮胎生产年份_TIREYE2R_MISSING_OR_UNKNOWN,other,pure_missing_unknown,unknown_missing_category,VEH_第二轴右侧轮胎生产年份_TIREYE2R_MISSING_OR,640,0.34940681622088
VEH_动力电池容量_BATPOW_MISSING_OR_UNKNOWN,other,pure_missing_unknown,unknown_missing_category,VEH_动力电池容量_BATPOW_MISSING_OR,641,0.3492917745182629
视线障碍_SICHTBV_MISSING_OR_UNKNOWN,other,pure_missing_unknown,unknown_missing_category,视线障碍_SICHTBV_MISSING_OR,642,0.34926301409260857
事故时的无意识变道_SPVERLA_0-不适用,other,pure_missing_unknown,unknown_missing_category,事故时的无意识变道_SPVERLA,643,0.34923425366695426
VEH_发动机类型_MOTOR_MISSING_OR_UNKNOWN,other,pure_missing_unknown,unknown_missing_category,VEH_发动机类型_MOTOR_MISSING_OR,645,0.34917673281564565
车辆所有权来源_BESITZ_MISSING_OR_UNKNOWN,other,pure_missing_unknown,unknown_missing_category,车辆所有权来源_BESITZ_MISSING_OR,647,0.34894664941041126
VEH_行人主动安全系统_FGSCHUTZ1_1-存在，具体未知,safety,partial_unknown_detail,safety_assistance,VEH_行人主动安全系统_FGSCHUTZ1,649,0.3489329882082255
转向反应_REAKTLE2_0-不适用,other,pure_missing_unknown,unknown_missing_category,转向反应_REAKTLE2,653,0.3487740868564855
道路施工_BAUST_MISSING_OR_UNKNOWN,other,pure_missing_unknown,unknown_missing_category,道路施工_BAUST_MISSING_OR,654,0.34861072763876905
VEH_是否平均载荷物_LOADDIST_MISSING_OR_UNKNOWN,other,pure_missing_unknown,unknown_missing_category,VEH_是否平均载荷物_LOADDIST_MISSING_OR,655,0.34845772217428816
VEH_后窗加热装置_HSHEIZ1_MISSING_OR_UNKNOWN,other,pure_missing_unknown,unknown_missing_category,VEH_后窗加热装置_HSHEIZ1_MISSING_OR,656,0.34842896174863386
场景类型_PCSCNE_MISSING_OR_UNKNOWN,other,pure_missing_unknown,unknown_missing_category,场景类型_PCSCNE_MISSING_OR,658,0.34832312338222604
其他视线障碍_仅行人事故_FGSHAND_0-不适用,other,pure_missing_unknown,unknown_missing_category,其他视线障碍_仅行人事故_FGSHAND,659,0.34828515962036233
道路材料_STRDECK_3-沥青，具体未知,other,pure_missing_unknown,unknown_missing_category,道路材料_STRDECK,660,0.3482368421052631
车速过快_仅行人事故_FGVFZG_MISSING_OR_UNKNOWN,other,pure_missing_unknown,unknown_missing_category,车速过快_仅行人事故_FGVFZG_MISSING_OR,661,0.3482276387690538
VEH_前照灯污染_SWSCHM1_MISSING_OR_UNKNOWN,other,pure_missing_unknown,unknown_missing_category,VEH_前照灯污染_SWSCHM1_MISSING_OR,663,0.3481701179177451
VEH_第二轴右侧轮胎尺寸-轮辋直径_TIRESIH2R_MISSING_OR_UNKNOWN,other,pure_missing_unknown,unknown_missing_category,VEH_第二轴右侧轮胎尺寸-轮辋直径_TIRESIH2R_MISSING_OR,664,0.3481125970664366
VEH_智能刹车灯_BREMSLI1_MISSING_OR_UNKNOWN,other,pure_missing_unknown,unknown_missing_category,VEH_智能刹车灯_BREMSLI1_MISSING_OR,667,0.3477387115329307
VEH_夜视系统_NIGHTV1_0-不适用,light,pure_missing_unknown,unknown_missing_category,VEH_夜视系统_NIGHTV1,669,0.3476610583836641
VEH_电池托盘材质_TRAYMAT_0-不适用,other,pure_missing_unknown,unknown_missing_category,VEH_电池托盘材质_TRAYMAT,673,0.3473935864250791
VEH_护栏类型_PLANKEA_0-不适用,other,pure_missing_unknown,unknown_missing_category,VEH_护栏类型_PLANKEA,674,0.34736482599942475
VEH_本次碰撞前是否制动_BRAKEBEF_9-未知,crash_type,pure_missing_unknown,unknown_missing_category,VEH_本次碰撞前是否制动_BRAKEBEF,675,0.3473065861374749
事故地点区域_ORTSL_MISSING_OR_UNKNOWN,other,pure_missing_unknown,unknown_missing_category,事故地点区域_ORTSL_MISSING_OR,677,0.347192263445499
强光光源_BLENDD_0-不适用,other,pure_missing_unknown,unknown_missing_category,强光光源_BLENDD,679,0.34701970089157325
VEH_直流最大充电电流_DCCHC_MISSING_OR_UNKNOWN,other,pure_missing_unknown,unknown_missing_category,VEH_直流最大充电电流_DCCHC_MISSING_OR,681,0.34675050330744894
路灯_STRABEL_1-有，具体未知,light,partial_unknown_detail,lighting_visibility,路灯_STRABEL,683,0.3466256830601093
VEH_第二轴右侧轮胎胎压_TIREPR2R_MISSING_OR_UNKNOWN,other,pure_missing_unknown,unknown_missing_category,VEH_第二轴右侧轮胎胎压_TIREPR2R_MISSING_OR,684,0.3464732528041415
VEH_车辆轮胎数_VEHTIRENO_MISSING_OR_UNKNOWN,other,pure_missing_unknown,unknown_missing_category,VEH_车辆轮胎数_VEHTIRENO_MISSING_OR,693,0.3460130859936727
VEH_车辆内部噪声_AKUSTIK1_MISSING_OR_UNKNOWN,other,pure_missing_unknown,unknown_missing_category,VEH_车辆内部噪声_AKUSTIK1_MISSING_OR,694,0.3459268047167098
是否佩戴眼镜_BRILLEB_MISSING_OR_UNKNOWN,other,pure_missing_unknown,unknown_missing_category,是否佩戴眼镜_BRILLEB_MISSING_OR,702,0.34486266896750073
道路表面污染_SCHMUTZ_MISSING_OR_UNKNOWN,other,pure_missing_unknown,unknown_missing_category,道路表面污染_SCHMUTZ_MISSING_OR,704,0.3447476272648835
事故前车辆要避让的对象_OBJAVOID_0-不适用,other,pure_missing_unknown,unknown_missing_category,事故前车辆要避让的对象_OBJAVOID,705,0.3445750647109577
行人未注意_仅行人事故_FGAUFME_0-不适用,other,pure_missing_unknown,unknown_missing_category,行人未注意_仅行人事故_FGAUFME,706,0.34451754385964917
VEH_胎压检测_RDRUCKK1_MISSING_OR_UNKNOWN,other,pure_missing_unknown,unknown_missing_category,VEH_胎压检测_RDRUCKK1_MISSING_OR,708,0.3445175438596491
是否是实习期驾照_INTLIC_MISSING_OR_UNKNOWN,other,pure_missing_unknown,unknown_missing_category,是否是实习期驾照_INTLIC_MISSING_OR,713,0.34408613747483463
VEH_第一轴左侧轮胎生产年份_TIREYE1L_MISSING_OR_UNKNOWN,other,pure_missing_unknown,unknown_missing_category,VEH_第一轴左侧轮胎生产年份_TIREYE1L_MISSING_OR,714,0.344028616623526
VEH_刹车辅助系统_BREMSASS1_1-有，具体未知,other,partial_unknown_detail,other_unique:VEH_刹车辅助系统_BREMSASS1,VEH_刹车辅助系统_BREMSASS1,716,0.34383649698015534
酒精测试结果_TESTERG_0-不适用,other,pure_missing_unknown,unknown_missing_category,酒精测试结果_TESTERG,720,0.34356844981305723
VEH_技术缺陷类型_2_TWELCH2_0-不适用,other,pure_missing_unknown,unknown_missing_category,VEH_技术缺陷类型_2_TWELCH2,722,0.3432808455565143
VEH_驱动形式_ANTR_MISSING_OR_UNKNOWN,other,pure_missing_unknown,unknown_missing_category,VEH_驱动形式_ANTR_MISSING_OR,724,0.3432808455565142
VEH_碰撞前的滑移偏离_SCHLEU_9-未知,crash_type,pure_missing_unknown,unknown_missing_category,VEH_碰撞前的滑移偏离_SCHLEU,733,0.3424173137762439
身体残疾或其他特殊情况_UNVERMOG_MISSING_OR_UNKNOWN,other,pure_missing_unknown,unknown_missing_category,身体残疾或其他特殊情况_UNVERMOG_MISSING_OR,741,0.34181406384814494
VEH_第二轴右侧轮胎生产星期_TIREWE2RL_99-未知,other,pure_missing_unknown,unknown_missing_category,VEH_第二轴右侧轮胎生产星期_TIREWE2RL,753,0.34063488639631867
VEH_挂车数量_NOTRAI_0-不适用,other,pure_missing_unknown,unknown_missing_category,VEH_挂车数量_NOTRAI,754,0.3405773655450101
VEH_第二轴左侧轮胎生产星期_TIREWE2L_99-未知,other,pure_missing_unknown,unknown_missing_category,VEH_第二轴左侧轮胎生产星期_TIREWE2L,756,0.34054860511935575
降水量_NIEDR_MISSING_OR_UNKNOWN,other,pure_missing_unknown,unknown_missing_category,降水量_NIEDR_MISSING_OR,759,0.34026100086281275
刹车响应_REAKTBR_MISSING_OR_UNKNOWN,other,pure_missing_unknown,unknown_missing_category,刹车响应_REAKTBR_MISSING_OR,760,0.34026100086281275
交通信号的视线障碍_VSSICHT_MISSING_OR_UNKNOWN,other,pure_missing_unknown,unknown_missing_category,交通信号的视线障碍_VSSICHT_MISSING_OR,762,0.3402034800115042
场景类型_PCSCNE_0-不适用,other,pure_missing_unknown,unknown_missing_category,场景类型_PCSCNE,765,0.34000215703192416
先期疾病1_VORKR1_MISSING_OR_UNKNOWN,other,pure_missing_unknown,unknown_missing_category,先期疾病1_VORKR1_MISSING_OR,766,0.33994463618061543
VEH_第一轴左侧轮胎生产年份_TIREYE1L_9999-未知,other,pure_missing_unknown,unknown_missing_category,VEH_第一轴左侧轮胎生产年份_TIREYE1L,769,0.3394557089444924
VEH_自动变道辅助_SPURWAE1_1-有，具体未知,lane,partial_unknown_detail,other_unique:VEH_自动变道辅助_SPURWAE1,VEH_自动变道辅助_SPURWAE1,770,0.3392888984756975
VEH_照明系统类型-日行灯_SWARTT1_9-未知,light,pure_missing_unknown,unknown_missing_category,VEH_照明系统类型-日行灯_SWARTT1,771,0.33926301409260856
VEH_语音控制_SPVORH1_MISSING_OR_UNKNOWN,other,pure_missing_unknown,unknown_missing_category,VEH_语音控制_SPVORH1_MISSING_OR,772,0.3388805004314064
中央隔离带的视觉防护板或防炫板_BLENDSCH_MISSING_OR_UNKNOWN,other,pure_missing_unknown,unknown_missing_category,中央隔离带的视觉防护板或防炫板_BLENDSCH_MISSING_OR,776,0.3386216566005177
VEH_第一轴左侧轮胎尺寸-轮辋直径_TIRESIH1L_MISSING_OR_UNKNOWN,other,pure_missing_unknown,unknown_missing_category,VEH_第一轴左侧轮胎尺寸-轮辋直径_TIRESIH1L_MISSING_OR,778,0.33839157319528324
酒精测试结果_TESTERG_MISSING_OR_UNKNOWN,other,pure_missing_unknown,unknown_missing_category,酒精测试结果_TESTERG_MISSING_OR,780,0.3383432556801841
血液测试_BLUTPR_MISSING_OR_UNKNOWN,other,pure_missing_unknown,unknown_missing_category,血液测试_BLUTPR_MISSING_OR,790,0.3371548748921484
VEH_动力电池种类_BATTYPE_0-不适用,other,pure_missing_unknown,unknown_missing_category,VEH_动力电池种类_BATTYPE,791,0.33712611446649415
道路优先权_VORFB_0-不适用,other,pure_missing_unknown,unknown_missing_category,道路优先权_VORFB,793,0.3370973540408398
事故特征_UART_MISSING_OR_UNKNOWN,other,pure_missing_unknown,unknown_missing_category,事故特征_UART_MISSING_OR,795,0.3369627552487777
VEH_车门数量_TUEREN_MISSING_OR_UNKNOWN,other,pure_missing_unknown,unknown_missing_category,VEH_车门数量_TUEREN_MISSING_OR,797,0.3366084268047167
事故时的分心驾驶行为1_DISDRIVE1_MISSING_OR_UNKNOWN,other,pure_missing_unknown,unknown_missing_category,事故时的分心驾驶行为1_DISDRIVE1_MISSING_OR,798,0.3366084268047167
自杀企图_SUIZID_MISSING_OR_UNKNOWN,other,pure_missing_unknown,unknown_missing_category,自杀企图_SUIZID_MISSING_OR,799,0.33647382801265463
VEH_FEATURE_Speed_Group_MISSING_OR_UNKNOWN,other,pure_missing_unknown,unknown_missing_category,VEH_FEATURE_Speed_Group_MISSING_OR,802,0.3362633016968651
道路状况_STRZ_MISSING_OR_UNKNOWN,other,pure_missing_unknown,unknown_missing_category,道路状况_STRZ_MISSING_OR,803,0.336195427092321
交通限速设施_SPLIFA_9-未知,other,pure_missing_unknown,unknown_missing_category,交通限速设施_SPLIFA,805,0.336128702904803
VEH_随车灭火器_FLFZG_9-未知,other,pure_missing_unknown,unknown_missing_category,VEH_随车灭火器_FLFZG,808,0.33577437446074204
VEH_中部遮阳板_SBLENDM1_0-不适用,other,pure_missing_unknown,unknown_missing_category,VEH_中部遮阳板_SBLENDM1,809,0.3357456140350877
VEH_后窗对视野的限制_HSSICHT1_MISSING_OR_UNKNOWN,other,pure_missing_unknown,unknown_missing_category,VEH_后窗对视野的限制_HSSICHT1_MISSING_OR,810,0.3355247339660627
VEH_制动防抱死系统_FABS1_9-未知,vehicle_state,pure_missing_unknown,unknown_missing_category,VEH_制动防抱死系统_FABS1,813,0.3353904227782571
路灯类型_LAMPEN_1-有路灯，具体未知,light,partial_unknown_detail,lighting_visibility,路灯类型_LAMPEN,815,0.33532283577796956
VEH_挡风玻璃对视野的限制_WSSICHT1_MISSING_OR_UNKNOWN,other,pure_missing_unknown,unknown_missing_category,VEH_挡风玻璃对视野的限制_WSSICHT1_MISSING_OR,816,0.33530385389703765
VEH_夜视系统_NIGHTV1_1-有，具体未知,light,partial_unknown_detail,other_unique:VEH_夜视系统_NIGHTV1,VEH_夜视系统_NIGHTV1,822,0.33494895024446364
交通灯的功能_LZAB_MISSING_OR_UNKNOWN,other,pure_missing_unknown,unknown_missing_category,交通灯的功能_LZAB_MISSING_OR,825,0.3346527178602244
强光光源_BLENDD_MISSING_OR_UNKNOWN,other,pure_missing_unknown,unknown_missing_category,强光光源_BLENDD_MISSING_OR,826,0.33465271786022427
避让反应_REAKTLE_0-不适用,other,pure_missing_unknown,unknown_missing_category,避让反应_REAKTLE,830,0.33419255104975554
VEH_第二轴左侧轮胎胎面状态_TIREDA2L_MISSING_OR_UNKNOWN,other,pure_missing_unknown,unknown_missing_category,VEH_第二轴左侧轮胎胎面状态_TIREDA2L_MISSING_OR,831,0.3341637906241012
VEH_直流充电时间_DCTIME_MISSING_OR_UNKNOWN,other,pure_missing_unknown,unknown_missing_category,VEH_直流充电时间_DCTIME_MISSING_OR,832,0.33408671268334766
VEH_后雾灯的使用_NEBELH1_MISSING_OR_UNKNOWN,other,pure_missing_unknown,unknown_missing_category,VEH_后雾灯的使用_NEBELH1_MISSING_OR,838,0.3336748633879781
VEH_第二轴左侧轮胎生产星期_TIREWE2L_MISSING_OR_UNKNOWN,other,pure_missing_unknown,unknown_missing_category,VEH_第二轴左侧轮胎生产星期_TIREWE2L_MISSING_OR,840,0.3335023008340523
VEH_第二轴左侧轮胎胎压_TIREPR2L_MISSING_OR_UNKNOWN,other,pure_missing_unknown,unknown_missing_category,VEH_第二轴左侧轮胎胎压_TIREPR2L_MISSING_OR,841,0.33342522289329884
VEH_随车灭火器_FLFZG_MISSING_OR_UNKNOWN,other,pure_missing_unknown,unknown_missing_category,VEH_随车灭火器_FLFZG_MISSING_OR,846,0.3332722174288179
VEH_刹车辅助系统_BREMSASS1_9-未知,other,pure_missing_unknown,unknown_missing_category,VEH_刹车辅助系统_BREMSASS1,849,0.33310885821110153
事故时的分心驾驶行为1_DISDRIVE1_9-未知,other,pure_missing_unknown,unknown_missing_category,事故时的分心驾驶行为1_DISDRIVE1,852,0.3328971814782859
VEH_夜间后视警告_RHILFNS1_9-未知,light,pure_missing_unknown,unknown_missing_category,VEH_夜间后视警告_RHILFNS1,856,0.3323605119355767
VEH_夜视系统_NIGHTV1_9-未知,light,pure_missing_unknown,unknown_missing_category,VEH_夜视系统_NIGHTV1,860,0.3319291055507622
驾驶证种类_LICTYPE_MISSING_OR_UNKNOWN,other,pure_missing_unknown,unknown_missing_category,驾驶证种类_LICTYPE_MISSING_OR,864,0.3313452689099799
道路横截面轮廓_PROFILQ_9-未知,other,pure_missing_unknown,unknown_missing_category,道路横截面轮廓_PROFILQ,865,0.3313165084843256
事故前车辆要避让的对象_OBJAVOID_MISSING_OR_UNKNOWN,other,pure_missing_unknown,unknown_missing_category,事故前车辆要避让的对象_OBJAVOID_MISSING_OR,870,0.3311151855047455
事故类型_UTYP_329-路口，具有等待义务的车辆与来自右侧的车辆，行车方向未知,crash_type,pure_missing_unknown,unknown_missing_category,事故类型_UTYP,875,0.33076934138625247
事故时的无意识变道_SPVERLA_MISSING_OR_UNKNOWN,other,pure_missing_unknown,unknown_missing_category,事故时的无意识变道_SPVERLA_MISSING_OR,876,0.33066422203048607
VEH_限速系统_VSTOP1_MISSING_OR_UNKNOWN,other,pure_missing_unknown,unknown_missing_category,VEH_限速系统_VSTOP1_MISSING_OR,880,0.3302903364969801
ARU事故原因1_URSWIS1_99-未知,other,pure_missing_unknown,unknown_missing_category,URSWIS,887,0.32964840379637617
酒精作用_MEDALK_1-酒精，具体未知,other,pure_missing_unknown,unknown_missing_category,酒精作用_MEDALK,888,0.3295908829450676
事故时是否醉酒_TRINKEN_MISSING_OR_UNKNOWN,other,pure_missing_unknown,unknown_missing_category,事故时是否醉酒_TRINKEN_MISSING_OR,894,0.32924575783721594
VEH_第一轴是否双胎_DOUTIRE1_MISSING_OR_UNKNOWN,other,pure_missing_unknown,unknown_missing_category,VEH_第一轴是否双胎_DOUTIRE1_MISSING_OR,897,0.32904443485763585
VEH_后行李舱与乘客的隔离方式_LUGCOMPIS_MISSING_OR_UNKNOWN,other,pure_missing_unknown,unknown_missing_category,VEH_后行李舱与乘客的隔离方式_LUGCOMPIS_MISSING_OR,899,0.3289385964912281
VEH_第一轴右侧轮胎生产年份_TIREYE1R_MISSING_OR_UNKNOWN,other,pure_missing_unknown,unknown_missing_category,VEH_第一轴右侧轮胎生产年份_TIREYE1R_MISSING_OR,918,0.32790322116767323
VEH_第一轴左侧轮胎尺寸-宽度_TIRESIW1L_MISSING_OR_UNKNOWN,other,pure_missing_unknown,unknown_missing_category,VEH_第一轴左侧轮胎尺寸-宽度_TIRESIW1L_MISSING_OR,920,0.3277881794650561
VEH_第一轴左侧轮胎生产星期_TIREWE1L_MISSING_OR_UNKNOWN,other,pure_missing_unknown,unknown_missing_category,VEH_第一轴左侧轮胎生产星期_TIREWE1L_MISSING_OR,921,0.3277594190394018
是否需要眼镜_BRILLE_MISSING_OR_UNKNOWN,other,pure_missing_unknown,unknown_missing_category,是否需要眼镜_BRILLE_MISSING_OR,923,0.3275488927236123
VEH_技术缺陷类型_1_TWELCH1_MISSING_OR_UNKNOWN,other,pure_missing_unknown,unknown_missing_category,VEH_技术缺陷类型_1_TWELCH1_MISSING_OR,924,0.327520132297958
VEH_是否驶入沟渠_DIDITCH_MISSING_OR_UNKNOWN,other,pure_missing_unknown,unknown_missing_category,VEH_是否驶入沟渠_DIDITCH_MISSING_OR,931,0.3271750071901064
广告牌影响_TAFELN_0-不适用,other,pure_missing_unknown,unknown_missing_category,广告牌影响_TAFELN,935,0.32694492378487205
太阳镜_SBRILLE_MISSING_OR_UNKNOWN,other,pure_missing_unknown,unknown_missing_category,太阳镜_SBRILLE_MISSING_OR,937,0.32665731952832894
VEH_后部停车距离控制_PARKH1_MISSING_OR_UNKNOWN,other,pure_missing_unknown,unknown_missing_category,VEH_后部停车距离控制_PARKH1_MISSING_OR,940,0.32638812194420486
事故类型_UTYP_271-转弯，驶出右转向优先道路的车辆与其他车辆（中国不适用）,crash_type,pure_missing_unknown,unknown_missing_category,事故类型_UTYP,943,0.32593758987633015
VEH_交流充电时间_ACTIME_MISSING_OR_UNKNOWN,other,pure_missing_unknown,unknown_missing_category,VEH_交流充电时间_ACTIME_MISSING_OR,946,0.3256311475409836
VEH_碰撞前的滑移痕迹_SSPUR_9-未知,lane,pure_missing_unknown,unknown_missing_category,VEH_碰撞前的滑移痕迹_SSPUR,947,0.3253688524590165
进入公交车站是否安全_BUSHS_9-未知,safety,pure_missing_unknown,unknown_missing_category,进入公交车站是否安全_BUSHS,960,0.3244291055507622
VEH_通信设备控制单元_BETELKOM1_0-不适用,other,pure_missing_unknown,unknown_missing_category,VEH_通信设备控制单元_BETELKOM1,963,0.324356485475985
VEH_后行李舱位置_LUGCOMP_MISSING_OR_UNKNOWN,other,pure_missing_unknown,unknown_missing_category,VEH_后行李舱位置_LUGCOMP_MISSING_OR,965,0.3243081679608858
VEH_第二轴右侧轮胎尺寸-宽度_TIRESIW2R_MISSING_OR_UNKNOWN,other,pure_missing_unknown,unknown_missing_category,VEH_第二轴右侧轮胎尺寸-宽度_TIRESIW2R_MISSING_OR,970,0.32396304285303423
车辆所有权来源_BESITZ_9-未知,other,pure_missing_unknown,unknown_missing_category,车辆所有权来源_BESITZ,974,0.323781276962899
事故类型_UTYP_309-路口，具有等待义务的车辆与来自左侧的车辆，行车方向未知,crash_type,pure_missing_unknown,unknown_missing_category,事故类型_UTYP,976,0.32360799539833196
VEH_右侧遮阳板_SBLENDR1_MISSING_OR_UNKNOWN,other,pure_missing_unknown,unknown_missing_category,VEH_右侧遮阳板_SBLENDR1_MISSING_OR,983,0.32283218291630716
VEH_充电接口位置_CHALOC_MISSING_OR_UNKNOWN,other,pure_missing_unknown,unknown_missing_category,VEH_充电接口位置_CHALOC_MISSING_OR,989,0.32225697440322115
随身携带的通讯工具的使用_FUNKB_9-未知,other,pure_missing_unknown,unknown_missing_category,随身携带的通讯工具的使用_FUNKB,990,0.32217989646246764
其他视线障碍_仅行人事故_FGSHAND_MISSING_OR_UNKNOWN,other,pure_missing_unknown,unknown_missing_category,其他视线障碍_仅行人事故_FGSHAND_MISSING_OR,992,0.3221223756111591
降水量_NIEDR_9-未知,other,pure_missing_unknown,unknown_missing_category,降水量_NIEDR,995,0.32189229220592463
VEH_照明系统类型-远光灯_SWARTF1_1-有，具体未知,light,partial_unknown_detail,lighting_visibility,VEH_照明系统类型-远光灯_SWARTF1,996,0.32189171699741165
VEH_照明系统类型-远光灯_SWARTF1_9-未知,light,pure_missing_unknown,unknown_missing_category,VEH_照明系统类型-远光灯_SWARTF1,997,0.32189171699741165
VEH_第二轴左侧轮胎尺寸-高宽比_TIRESIR2L_MISSING_OR_UNKNOWN,other,pure_missing_unknown,unknown_missing_category,VEH_第二轴左侧轮胎尺寸-高宽比_TIRESIR2L_MISSING_OR,1003,0.32150920333620936
驾驶证种类_LICTYPE_0-不适用,other,pure_missing_unknown,unknown_missing_category,驾驶证种类_LICTYPE,1005,0.32122159907966635
VEH_车辆内部噪声_AKUSTIK1_9-未知,other,pure_missing_unknown,unknown_missing_category,VEH_车辆内部噪声_AKUSTIK1,1006,0.32122159907966635
VEH_制动力分配系统_EBD1_0-不适用,vehicle_state,pure_missing_unknown,unknown_missing_category,VEH_制动力分配系统_EBD1,1009,0.32103897037676166
VEH_智能前大灯控制_FLICHTASS1_9-未知,light,pure_missing_unknown,unknown_missing_category,VEH_智能前大灯控制_FLICHTASS1,1011,0.3209426229508197
VEH_是否平均载荷物_LOADDIST_0-不适用,other,pure_missing_unknown,unknown_missing_category,VEH_是否平均载荷物_LOADDIST,1012,0.3208477135461605
VEH_发动机增压_TURBO_MISSING_OR_UNKNOWN,other,pure_missing_unknown,unknown_missing_category,VEH_发动机增压_TURBO_MISSING_OR,1013,0.32076143226919757
VEH_第一轴右侧轮胎生产星期_TIREWE1RL_MISSING_OR_UNKNOWN,other,pure_missing_unknown,unknown_missing_category,VEH_第一轴右侧轮胎生产星期_TIREWE1RL_MISSING_OR,1021,0.3200136612021858
是否是实习期驾照_INTLIC_0-不适用,other,pure_missing_unknown,unknown_missing_category,是否是实习期驾照_INTLIC,1025,0.3197548173712971
VEH_日间行车灯_TAGFL1_1-有，具体未知,other,partial_unknown_detail,other_unique:VEH_日间行车灯_TAGFL1,VEH_日间行车灯_TAGFL1,1041,0.31825927523727354
VEH_本次碰撞前是否转向_STEERING_9-未知,crash_type,pure_missing_unknown,unknown_missing_category,VEH_本次碰撞前是否转向_STEERING,1046,0.318143514524015
VEH_自动停车系统_AUEINP1_MISSING_OR_UNKNOWN,other,pure_missing_unknown,unknown_missing_category,VEH_自动停车系统_AUEINP1_MISSING_OR,1048,0.3180579522576934
广告牌影响_TAFELN_MISSING_OR_UNKNOWN,other,pure_missing_unknown,unknown_missing_category,广告牌影响_TAFELN_MISSING_OR,1052,0.3177507909117055
VEH_自动变道辅助_SPURWAE1_9-未知,lane,pure_missing_unknown,unknown_missing_category,VEH_自动变道辅助_SPURWAE1,1059,0.3169420477423066
先期疾病2_VORKR2_MISSING_OR_UNKNOWN,other,pure_missing_unknown,unknown_missing_category,先期疾病2_VORKR2_MISSING_OR,1061,0.3167729364394593
强光影响_BLEND_0-不适用,other,pure_missing_unknown,unknown_missing_category,强光影响_BLEND,1066,0.31619772792637335
避让反应_REAKTLE_9-未知,other,pure_missing_unknown,unknown_missing_category,避让反应_REAKTLE,1067,0.31608268622375607
道路机非隔离形式_NOMOTLAME_0-不适用,other,pure_missing_unknown,unknown_missing_category,道路机非隔离形式_NOMOTLAME,1068,0.3160734828875467
VEH_技术缺陷类型_2_TWELCH2_MISSING_OR_UNKNOWN,other,pure_missing_unknown,unknown_missing_category,VEH_技术缺陷类型_2_TWELCH2_MISSING_OR,1069,0.31598720161058386
VEH_充电接口位置_CHALOC_0-不适用,other,pure_missing_unknown,unknown_missing_category,VEH_充电接口位置_CHALOC,1077,0.315239430543572
行人视线障碍_仅行人事故_FZSEHEN_MISSING_OR_UNKNOWN,other,pure_missing_unknown,unknown_missing_category,行人视线障碍_仅行人事故_FZSEHEN_MISSING_OR,1082,0.314951826287029
道路机非隔离形式_NOMOTLAME_MISSING_OR_UNKNOWN,other,pure_missing_unknown,unknown_missing_category,道路机非隔离形式_NOMOTLAME_MISSING_OR,1086,0.3148080241587575
VEH_胎痕_BSPUR_1-有胎痕，具体未知,lane,partial_unknown_detail,other_unique:BSPUR,BSPUR,1088,0.3146412136899627
是否需要眼镜_BRILLE_9-未知,other,pure_missing_unknown,unknown_missing_category,是否需要眼镜_BRILLE,1099,0.3137726488352027
VEH_交流最大充电电压_ACCHV_MISSING_OR_UNKNOWN,other,pure_missing_unknown,unknown_missing_category,VEH_交流最大充电电压_ACCHV_MISSING_OR,1102,0.31342752372735116
VEH_第二轴右侧轮胎生产星期_TIREWE2RL_MISSING_OR_UNKNOWN,other,pure_missing_unknown,unknown_missing_category,VEH_第二轴右侧轮胎生产星期_TIREWE2RL_MISSING_OR,1103,0.31331248202473394
VEH_技术缺陷_TECHMAN_MISSING_OR_UNKNOWN,other,pure_missing_unknown,unknown_missing_category,VEH_技术缺陷_TECHMAN_MISSING_OR,1107,0.3129673569168824
事故类型_UTYP_999-未知,crash_type,pure_missing_unknown,unknown_missing_category,事故类型_UTYP,1110,0.3127077940753524
VEH_后雾灯的使用_NEBELH1_1-存在，具体未知,other,partial_unknown_detail,weather_wind,VEH_后雾灯的使用_NEBELH1,1112,0.3125359505320679
事故路段车流量_VSTUFE_9-未知,road_env,pure_missing_unknown,unknown_missing_category,事故路段车流量_VSTUFE,1114,0.31237201610583837
VEH_动能回收系统强弱_KERSSTA_0-不适用,other,pure_missing_unknown,unknown_missing_category,VEH_动能回收系统强弱_KERSSTA,1116,0.31216206499856197
停放车辆视线障碍_仅行人事故_FGSHFZG_0-不适用,other,pure_missing_unknown,unknown_missing_category,停放车辆视线障碍_仅行人事故_FGSHFZG,1120,0.31190322116767333
公路分类_STRKL_9-未知,road_type,pure_missing_unknown,unknown_missing_category,STRKL,1121,0.31180327868852464
交通灯设置位置_LZAU_MISSING_OR_UNKNOWN,other,pure_missing_unknown,unknown_missing_category,交通灯设置位置_LZAU_MISSING_OR,1122,0.31178817946505605
随身携带的通讯工具的使用_FUNKB_MISSING_OR_UNKNOWN,other,pure_missing_unknown,unknown_missing_category,随身携带的通讯工具的使用_FUNKB_MISSING_OR,1123,0.3117594190394018
降水量_NIEDR_0-不适用,other,pure_missing_unknown,unknown_missing_category,降水量_NIEDR,1125,0.31138553350589593
VEH_第一轴右侧轮胎生产星期_TIREWE1RL_99-未知,other,pure_missing_unknown,unknown_missing_category,VEH_第一轴右侧轮胎生产星期_TIREWE1RL,1126,0.3113567730802416
VEH_发动机安装位置_MOTORL_MISSING_OR_UNKNOWN,other,pure_missing_unknown,unknown_missing_category,VEH_发动机安装位置_MOTORL_MISSING_OR,1128,0.31124173137762434
刹车响应_REAKTBR_9-未知,other,pure_missing_unknown,unknown_missing_category,刹车响应_REAKTBR,1139,0.3100337935001438
VEH_本次碰撞前的驶离道路_ABKOM_MISSING_OR_UNKNOWN,crash_type,pure_missing_unknown,unknown_missing_category,VEH_本次碰撞前的驶离道路_ABKOM_MISSING_OR,1143,0.30977423065861376
VEH_遮阳挡风玻璃_WSSS1_MISSING_OR_UNKNOWN,other,pure_missing_unknown,unknown_missing_category,VEH_遮阳挡风玻璃_WSSS1_MISSING_OR,1145,0.3097266321541559
行人视线障碍_仅行人事故_FZSEHEN_0-不适用,other,pure_missing_unknown,unknown_missing_category,行人视线障碍_仅行人事故_FZSEHEN,1150,0.3092572620074777
VEH_适应性光线分布_ADAPTLV1_1-有，具体未知,other,partial_unknown_detail,other_unique:VEH_适应性光线分布_ADAPTLV1,VEH_适应性光线分布_ADAPTLV1,1152,0.30923770491803276
VEH_变速器_GETRIEBE_9-未知,other,pure_missing_unknown,unknown_missing_category,VEH_变速器_GETRIEBE,1153,0.3091997411561691
VEH_电池托盘材质_TRAYMAT_9-未知,other,pure_missing_unknown,unknown_missing_category,VEH_电池托盘材质_TRAYMAT,1162,0.30876833477135457
VEH_第二轴左侧轮胎生产年份_TIREYE2L_MISSING_OR_UNKNOWN,other,pure_missing_unknown,unknown_missing_category,VEH_第二轴左侧轮胎生产年份_TIREYE2L_MISSING_OR,1163,0.3086532930687374
眼镜对事故的影响_BRILLEE_MISSING_OR_UNKNOWN,other,pure_missing_unknown,unknown_missing_category,眼镜对事故的影响_BRILLEE_MISSING_OR,1175,0.30802056370434283
事故前觉察_WAHRNEHM_1-意识到，具体未知,other,pure_missing_unknown,unknown_missing_category,事故前觉察_WAHRNEHM,1179,0.30758915731952835
酒精测试_ALKOTEST_9-未知,other,pure_missing_unknown,unknown_missing_category,酒精测试_ALKOTEST,1188,0.30735907391429396
车速过快_仅行人事故_FGVFZG_0-不适用,other,pure_missing_unknown,unknown_missing_category,车速过快_仅行人事故_FGVFZG,1193,0.30724403221167673
是否有非机动车道_NOMOTLA_0-不适用,lane,pure_missing_unknown,unknown_missing_category,是否有非机动车道_NOMOTLA,1205,0.3060798101811907
VEH_交流最大充电电流_ACCHC_MISSING_OR_UNKNOWN,other,pure_missing_unknown,unknown_missing_category,VEH_交流最大充电电流_ACCHC_MISSING_OR,1213,0.3056622088006902
不同行驶方向车道的隔离方法_MARK_1-隔离，具体未知,lane,pure_missing_unknown,unknown_missing_category,MARK,1221,0.3051215127983895
VEH_车辆合法状况_VEHLAWF_MISSING_OR_UNKNOWN,other,pure_missing_unknown,unknown_missing_category,VEH_车辆合法状况_VEHLAWF_MISSING_OR,1224,0.30494319815933274
VEH_护栏导轨类型_SPLANKE_MISSING_OR_UNKNOWN,other,pure_missing_unknown,unknown_missing_category,VEH_护栏导轨类型_SPLANKE_MISSING_OR,1226,0.3046072763876906
VEH_挡风玻璃加热装置_FSHEIZ1_9-未知,other,pure_missing_unknown,unknown_missing_category,VEH_挡风玻璃加热装置_FSHEIZ1,1227,0.3044542709232097
VEH_驱动形式_ANTR_1-有驱动，具体未知,other,partial_unknown_detail,other_unique:VEH_驱动形式_ANTR,VEH_驱动形式_ANTR,1228,0.30442551049755534
酒精作用_MEDALK_9-未知,other,pure_missing_unknown,unknown_missing_category,酒精作用_MEDALK,1229,0.30437719298245614
驾照等级与车型是否相符_LICENFIT_9-未知,other,pure_missing_unknown,unknown_missing_category,驾照等级与车型是否相符_LICENFIT,1230,0.30428170836928387
VEH_第一轴右侧轮胎胎面状态_TIREDA1R_MISSING_OR_UNKNOWN,other,pure_missing_unknown,unknown_missing_category,VEH_第一轴右侧轮胎胎面状态_TIREDA1R_MISSING_OR,1236,0.3036489790048893
VEH_电动汽车提示音系统_AVAS_MISSING_OR_UNKNOWN,other,pure_missing_unknown,unknown_missing_category,VEH_电动汽车提示音系统_AVAS_MISSING_OR,1237,0.303620218579235
VEH_胎压检测_RDRUCKK1_9-未知,other,pure_missing_unknown,unknown_missing_category,VEH_胎压检测_RDRUCKK1,1243,0.3030737704918033
停放车辆视线障碍_仅行人事故_FGSHFZG_MISSING_OR_UNKNOWN,other,pure_missing_unknown,unknown_missing_category,停放车辆视线障碍_仅行人事故_FGSHFZG_MISSING_OR,1245,0.3027574058096059
VEH_疲劳驾驶提醒_ABLENKON1_1-有，具体未知,other,partial_unknown_detail,other_unique:VEH_疲劳驾驶提醒_ABLENKON1,VEH_疲劳驾驶提醒_ABLENKON1,1246,0.3027378487201611
VEH_日间行车灯_TAGFL1_0-不适用,other,pure_missing_unknown,unknown_missing_category,VEH_日间行车灯_TAGFL1,1248,0.30244104112740866
VEH_第一轴左侧轮胎生产星期_TIREWE1L_99-未知,other,pure_missing_unknown,unknown_missing_category,VEH_第一轴左侧轮胎生产星期_TIREWE1L,1256,0.3015782283577797
先期疾病1_VORKR1_9-未知,other,pure_missing_unknown,unknown_missing_category,先期疾病1_VORKR1,1267,0.3007246189243601
先期疾病2_VORKR2_9-未知,other,pure_missing_unknown,unknown_missing_category,先期疾病2_VORKR2,1271,0.29996764452113894
眼镜对事故的影响_BRILLEE_9-未知,other,pure_missing_unknown,unknown_missing_category,眼镜对事故的影响_BRILLEE,1272,0.2997950819672131
道路线性_STRLIN_9-未知,other,pure_missing_unknown,unknown_missing_category,道路线性_STRLIN,1285,0.2993636755823986
是否是实习期驾照_INTLIC_9-未知,other,pure_missing_unknown,unknown_missing_category,是否是实习期驾照_INTLIC,1288,0.29901855047454706
行驶方向的车道数_FSPUR_99-未知,lane,pure_missing_unknown,unknown_missing_category,行驶方向的车道数_FSPUR,1289,0.29879421915444354
事故类型_UTYP_352-路口，转向优先道路车辆与来自右侧的车辆（中国不适用）,crash_type,pure_missing_unknown,unknown_missing_category,事故类型_UTYP,1290,0.29875898763301695
VEH_前雾灯的使用_NEBELV1_1-存在，具体未知,other,partial_unknown_detail,weather_wind,VEH_前雾灯的使用_NEBELV1,1292,0.29852962323842397
VEH_前照灯清洗系统_SWPUTZ1_1-存在，具体未知,other,partial_unknown_detail,other_unique:VEH_前照灯清洗系统_SWPUTZ1,VEH_前照灯清洗系统_SWPUTZ1,1293,0.29850086281276966
驾驶证种类_LICTYPE_9-未知,other,pure_missing_unknown,unknown_missing_category,驾驶证种类_LICTYPE,1305,0.29660267471958585
视线障碍的类型_SICHTV_0-不适用,other,pure_missing_unknown,unknown_missing_category,视线障碍的类型_SICHTV,1310,0.2959699453551913
VEH_智能刹车灯_BREMSLI1_9-未知,other,pure_missing_unknown,unknown_missing_category,VEH_智能刹车灯_BREMSLI1,1316,0.2957111015243025
VEH_疲劳驾驶提醒_ABLENKON1_9-未知,other,pure_missing_unknown,unknown_missing_category,VEH_疲劳驾驶提醒_ABLENKON1,1318,0.29530845556514235
VEH_是否驶入边坡_SIDERAMP_MISSING_OR_UNKNOWN,other,pure_missing_unknown,unknown_missing_category,VEH_是否驶入边坡_SIDERAMP_MISSING_OR,1327,0.2944456427955134
血液测试_BLUTPR_9-未知,other,pure_missing_unknown,unknown_missing_category,血液测试_BLUTPR,1329,0.29430184066724185
加速反应_REAKTGAS_9-未知,other,pure_missing_unknown,unknown_missing_category,加速反应_REAKTGAS,1331,0.2941292781133161
VEH_第二轴左侧轮胎生产年份_TIREYE2L_9999-未知,other,pure_missing_unknown,unknown_missing_category,VEH_第二轴左侧轮胎生产年份_TIREYE2L,1332,0.2939854759850446
道路优先权_VORFB_MISSING_OR_UNKNOWN,other,pure_missing_unknown,unknown_missing_category,道路优先权_VORFB_MISSING_OR,1333,0.29398547598504454
驾驶执照等级_DRILICEN_9-未知,other,pure_missing_unknown,unknown_missing_category,驾驶执照等级_DRILICEN,1334,0.2939567155593903
VEH_缺气保用轮胎_防爆轮胎_RPANNE1_MISSING_OR_UNKNOWN,other,pure_missing_unknown,unknown_missing_category,VEH_缺气保用轮胎_防爆轮胎_RPANNE1_MISSING_OR,1335,0.29393715846994534
是否佩戴眼镜_BRILLEB_9-未知,other,pure_missing_unknown,unknown_missing_category,是否佩戴眼镜_BRILLEB,1338,0.29346778832326714
VEH_适应性光线分布_ADAPTLV1_MISSING_OR_UNKNOWN,other,pure_missing_unknown,unknown_missing_category,VEH_适应性光线分布_ADAPTLV1_MISSING_OR,1339,0.2933907103825137
VEH_动能回收系统强弱_KERSSTA_MISSING_OR_UNKNOWN,other,pure_missing_unknown,unknown_missing_category,VEH_动能回收系统强弱_KERSSTA_MISSING_OR,1340,0.2933815070463043
VEH_第一轴右侧轮胎生产年份_TIREYE1R_9999-未知,other,pure_missing_unknown,unknown_missing_category,VEH_第一轴右侧轮胎生产年份_TIREYE1R,1341,0.29335274662065
先期疾病3_VORKR3_9-未知,other,pure_missing_unknown,unknown_missing_category,先期疾病3_VORKR3,1351,0.29231737129709523
视线障碍_SICHTBV_0-不适用,other,pure_missing_unknown,unknown_missing_category,视线障碍_SICHTBV,1360,0.29136827725050335
VEH_发动机增压_TURBO_0-不适用,other,pure_missing_unknown,unknown_missing_category,VEH_发动机增压_TURBO,1361,0.2913107563991947
VEH_限速系统_VSTOP1_9-未知,other,pure_missing_unknown,unknown_missing_category,VEH_限速系统_VSTOP1,1372,0.29056298533218294
VEH_后窗加热装置_HSHEIZ1_9-未知,other,pure_missing_unknown,unknown_missing_category,VEH_后窗加热装置_HSHEIZ1,1402,0.287686942766753
VEH_电动汽车提示音系统_AVAS_0-不适用,other,pure_missing_unknown,unknown_missing_category,VEH_电动汽车提示音系统_AVAS,1411,0.28714049467932123
事故时的分心驾驶行为2_DISDRIVE2_9-未知,other,pure_missing_unknown,unknown_missing_category,事故时的分心驾驶行为2_DISDRIVE2,1431,0.2843219729651999
降水情况_NIED_9-未知,other,pure_missing_unknown,unknown_missing_category,降水情况_NIED,1446,0.28317155593902793
转向反应_REAKTLE2_9-未知,other,pure_missing_unknown,unknown_missing_category,转向反应_REAKTLE2,1458,0.2823754673569169
VEH_前部停车距离控制_PARKV1_1-存在，具体未知,other,partial_unknown_detail,other_unique:VEH_前部停车距离控制_PARKV1,VEH_前部停车距离控制_PARKV1,1475,0.279921627840092
VEH_适应性光线分布_ADAPTLV1_0-不适用,other,pure_missing_unknown,unknown_missing_category,VEH_适应性光线分布_ADAPTLV1,1482,0.27903005464480873
VEH_换挡控制单元_BESCHALT1_9-未知,other,pure_missing_unknown,unknown_missing_category,VEH_换挡控制单元_BESCHALT1,1493,0.27762079378774807
先期疾病2_VORKR2_20-心脏疾病，具体未知,other,pure_missing_unknown,unknown_missing_category,先期疾病2_VORKR2,1494,0.27759203336209376
事故时的分心驾驶行为3_DISDRIVE3_9-未知,other,pure_missing_unknown,unknown_missing_category,事故时的分心驾驶行为3_DISDRIVE3,1497,0.27730442910555075
身材_STATUR_9-未知,other,pure_missing_unknown,unknown_missing_category,身材_STATUR,1512,0.275981449525453
VEH_充电接口位置_CHALOC_9-未知,other,pure_missing_unknown,unknown_missing_category,VEH_充电接口位置_CHALOC,1518,0.2753487201610584
道路横截面轮廓_PROFILQ_0-不适用,other,pure_missing_unknown,unknown_missing_category,道路横截面轮廓_PROFILQ,1539,0.2737668967500719
事故前是否受到警告_REAKTHUP_9-未知,other,pure_missing_unknown,unknown_missing_category,事故前是否受到警告_REAKTHUP,1549,0.2725394017831464
VEH_第二轴右侧轮胎胎面状态_TIREDA2R_11-爆胎，具体未知,other,pure_missing_unknown,unknown_missing_category,VEH_第二轴右侧轮胎胎面状态_TIREDA2R,1550,0.27253019844693704
VEH_换挡控制单元_BESCHALT1_1-有，具体未知,other,partial_unknown_detail,other_unique:VEH_换挡控制单元_BESCHALT1,VEH_换挡控制单元_BESCHALT1,1551,0.2724151567443198
事故前车辆要避让的对象_OBJAVOID_999-未知,other,pure_missing_unknown,unknown_missing_category,事故前车辆要避让的对象_OBJAVOID,1552,0.27231852171412135
VEH_牵引力控制系统_ASR1_9-未知,other,pure_missing_unknown,unknown_missing_category,VEH_牵引力控制系统_ASR1,1559,0.2717249065286166
VEH_缺气保用轮胎_防爆轮胎_RPANNE1_9-未知,other,pure_missing_unknown,unknown_missing_category,VEH_缺气保用轮胎_防爆轮胎_RPANNE1,1563,0.2715811044003451
VEH_动能回收系统强弱_KERSSTA_9-未知,other,pure_missing_unknown,unknown_missing_category,VEH_动能回收系统强弱_KERSSTA,1570,0.2708908541846419
VEH_共享车辆_VEHSHARE_9-未知,other,pure_missing_unknown,unknown_missing_category,VEH_共享车辆_VEHSHARE,1572,0.27080457290767906
VEH_通信设备控制单元_BETELKOM1_9-未知,other,pure_missing_unknown,unknown_missing_category,VEH_通信设备控制单元_BETELKOM1,1575,0.27074705205637045
VEH_变速器_GETRIEBE_1-有，具体未知,other,partial_unknown_detail,other_unique:VEH_变速器_GETRIEBE,VEH_变速器_GETRIEBE,1589,0.26936655162496403
交通信号的视线障碍_VSSICHT_1-受限，具体未知,other,pure_missing_unknown,unknown_missing_category,交通信号的视线障碍_VSSICHT,1590,0.26928027034800117
先期疾病3_VORKR3_1-有，具体未知,other,partial_unknown_detail,other_unique:先期疾病3_VORKR3,先期疾病3_VORKR3,1594,0.2689639056658039
VEH_语音控制_SPVORH1_9-未知,other,pure_missing_unknown,unknown_missing_category,VEH_语音控制_SPVORH1,1600,0.2685612597066437
酒精测试结果_TESTERG_9-未知,other,pure_missing_unknown,unknown_missing_category,酒精测试结果_TESTERG,1603,0.26838869715271785
VEH_右侧遮阳板_SBLENDR1_0-不适用,other,pure_missing_unknown,unknown_missing_category,VEH_右侧遮阳板_SBLENDR1,1607,0.2680148116192119
VEH_后窗对视野的限制_HSSICHT1_0-不适用,other,pure_missing_unknown,unknown_missing_category,VEH_后窗对视野的限制_HSSICHT1,1632,0.2663467069312626
强光光源_BLENDD_9-未知,other,pure_missing_unknown,unknown_missing_category,强光光源_BLENDD,1633,0.2662604256542997
广告牌影响_TAFELN_1-存在，具体未知,other,partial_unknown_detail,other_unique:广告牌影响_TAFELN,广告牌影响_TAFELN,1642,0.2656564567155594
先期疾病3_VORKR3_20-心脏疾病，具体未知,other,pure_missing_unknown,unknown_missing_category,先期疾病3_VORKR3,1646,0.26539761288467073
VEH_语音控制_SPVORH1_0-不适用,other,pure_missing_unknown,unknown_missing_category,VEH_语音控制_SPVORH1,1660,0.26444851883807885
VEH_前照灯清洗系统_SWPUTZ1_9-未知,other,pure_missing_unknown,unknown_missing_category,VEH_前照灯清洗系统_SWPUTZ1,1661,0.26439099798677024
随身携带的通讯工具的使用_FUNKB_0-不适用,other,pure_missing_unknown,unknown_missing_category,随身携带的通讯工具的使用_FUNKB,1663,0.2641896750071901
VEH_变速器_GETRIEBE_0-不适用,other,pure_missing_unknown,unknown_missing_category,VEH_变速器_GETRIEBE,1671,0.26387331032499284
VEH_第二轴右侧轮胎胎压_TIREPR2R_0-不适用,other,pure_missing_unknown,unknown_missing_category,VEH_第二轴右侧轮胎胎压_TIREPR2R,1676,0.26361446649410414
VEH_缺气保用轮胎_防爆轮胎_RPANNE1_1-有，具体未知,other,partial_unknown_detail,other_unique:VEH_缺气保用轮胎_防爆轮胎_RPANNE1,VEH_缺气保用轮胎_防爆轮胎_RPANNE1,1704,0.26160123669830315
事故前觉察_WAHRNEHM_9-未知,other,pure_missing_unknown,unknown_missing_category,事故前觉察_WAHRNEHM,1713,0.2613136324417601
VEH_左侧遮阳板_SBLENDL1_9-未知,other,pure_missing_unknown,unknown_missing_category,VEH_左侧遮阳板_SBLENDL1,1714,0.26128487201610584
VEH_前照灯污染_SWSCHM1_9-未知,other,pure_missing_unknown,unknown_missing_category,VEH_前照灯污染_SWSCHM1,1719,0.26114106988783437
VEH_通信设备控制单元_BETELKOM1_1-有，具体未知,other,partial_unknown_detail,other_unique:VEH_通信设备控制单元_BETELKOM1,VEH_通信设备控制单元_BETELKOM1,1721,0.26102602818521714
VEH_交流最大充电电压_ACCHV_0-不适用,other,pure_missing_unknown,unknown_missing_category,VEH_交流最大充电电压_ACCHV,1732,0.26047958009778543
雾天时的能见度_NEBELM_9-未知,other,pure_missing_unknown,unknown_missing_category,雾天时的能见度_NEBELM,1743,0.2599043715846995
VEH_前照灯清洗系统_SWPUTZ1_0-不适用,other,pure_missing_unknown,unknown_missing_category,VEH_前照灯清洗系统_SWPUTZ1,1764,0.25849511072763875
身体残疾或其他特殊情况_UNVERMOG_9-未知,other,pure_missing_unknown,unknown_missing_category,身体残疾或其他特殊情况_UNVERMOG,1765,0.2584375898763302
衣着厚度_BEKLST_9-未知,other,pure_missing_unknown,unknown_missing_category,衣着厚度_BEKLST,1769,0.2583225481737129
VEH_电动汽车提示音系统_AVAS_9-未知,other,pure_missing_unknown,unknown_missing_category,VEH_电动汽车提示音系统_AVAS,1771,0.2580924647684786
强光影响_BLEND_9-未知,other,pure_missing_unknown,unknown_missing_category,强光影响_BLEND,1781,0.2575552200172563
VEH_新能源车辆电池包损坏情况_BATDAM_9-未知,other,pure_missing_unknown,unknown_missing_category,VEH_新能源车辆电池包损坏情况_BATDAM,1787,0.25751725625539257
VEH_智能刹车灯_BREMSLI1_1-存在，具体未知,other,partial_unknown_detail,other_unique:VEH_智能刹车灯_BREMSLI1,VEH_智能刹车灯_BREMSLI1,1789,0.25746893874029336
VEH_车尾灯_RLIART1_9-未知,other,pure_missing_unknown,unknown_missing_category,VEH_车尾灯_RLIART1,1801,0.25697080816796086
VEH_第一轴右侧轮胎胎压_TIREPR1R_999-未知,other,pure_missing_unknown,unknown_missing_category,VEH_第一轴右侧轮胎胎压_TIREPR1R,1806,0.2566832039114179
VEH_右侧遮阳板_SBLENDR1_9-未知,other,pure_missing_unknown,unknown_missing_category,VEH_右侧遮阳板_SBLENDR1,1808,0.25662568306010936
道路表面污染_SCHMUTZ_1-是，具体未知,other,pure_missing_unknown,unknown_missing_category,道路表面污染_SCHMUTZ,1809,0.2565681622088007
事故现场周边的公交车站_BUSH_1-有，具体未知,other,partial_unknown_detail,other_unique:事故现场周边的公交车站_BUSH,事故现场周边的公交车站_BUSH,1811,0.2563668392292206
VEH_第一轴左侧轮胎纹深_TIREDE1L_999-未知,other,pure_missing_unknown,unknown_missing_category,VEH_第一轴左侧轮胎纹深_TIREDE1L,1817,0.25599295369571473
VEH_自动停车系统_AUEINP1_9-未知,other,pure_missing_unknown,unknown_missing_category,VEH_自动停车系统_AUEINP1,1821,0.25550402645959164
VEH_是否平均载荷物_LOADDIST_9-未知,other,pure_missing_unknown,unknown_missing_category,VEH_是否平均载荷物_LOADDIST,1830,0.2549000575208514
先期疾病2_VORKR2_10-脑部疾病，具体未知,other,pure_missing_unknown,unknown_missing_category,先期疾病2_VORKR2,1839,0.25420980730514814
交通灯设置位置_LZAU_1-交通灯，具体未知,other,pure_missing_unknown,unknown_missing_category,交通灯设置位置_LZAU,1843,0.2538934426229508
VEH_交流充电时间_ACTIME_0-不适用,other,pure_missing_unknown,unknown_missing_category,VEH_交流充电时间_ACTIME,1850,0.25326071325855626
VEH_后行李舱与乘客的隔离方式_LUGCOMPIS_0-不适用,other,pure_missing_unknown,unknown_missing_category,VEH_后行李舱与乘客的隔离方式_LUGCOMPIS,1853,0.25294434857635895
VEH_第一轴左侧轮胎生产星期_TIREWE1L_0-不适用,other,pure_missing_unknown,unknown_missing_category,VEH_第一轴左侧轮胎生产星期_TIREWE1L,1855,0.25274302559677886
先期疾病1_VORKR1_1-有，具体未知,other,partial_unknown_detail,other_unique:先期疾病1_VORKR1,先期疾病1_VORKR1,1858,0.25248418176589016
VEH_第二轴右侧轮胎胎压_TIREPR2R_999-未知,other,pure_missing_unknown,unknown_missing_category,VEH_第二轴右侧轮胎胎压_TIREPR2R,1860,0.25239790048892724
VEH_刹车灯_BLIART1_9-未知,other,pure_missing_unknown,unknown_missing_category,VEH_刹车灯_BLIART1,1861,0.25228285878631007
VEH_车尾灯_RLIART1_0-不适用,other,pure_missing_unknown,unknown_missing_category,VEH_车尾灯_RLIART1,1879,0.25124748346275527
VEH_刹车辅助系统_BREMSASS1_0-不适用,other,pure_missing_unknown,unknown_missing_category,VEH_刹车辅助系统_BREMSASS1,1880,0.25124748346275527
人员类型_PTYPE_MISSING_OR_UNKNOWN,other,pure_missing_unknown,unknown_missing_category,PTYPE,1888,0.2509886396318666
太阳镜_SBRILLE_9-未知,other,pure_missing_unknown,unknown_missing_category,太阳镜_SBRILLE,1893,0.25081607707794074
酒精测试结果_TESTERG_5-饮酒，具体未知,other,pure_missing_unknown,unknown_missing_category,酒精测试结果_TESTERG,1898,0.25029838941616334
VEH_NEDC续航里程_MILEAGE_0-不适用,other,pure_missing_unknown,unknown_missing_category,VEH_NEDC续航里程_MILEAGE,1903,0.2500107851596204
VEH_后窗对视野的限制_HSSICHT1_1-视野限制，具体未知,other,pure_missing_unknown,unknown_missing_category,VEH_后窗对视野的限制_HSSICHT1,1910,0.24966566005176885
道路优先权_VORFB_9-未知,other,pure_missing_unknown,unknown_missing_category,道路优先权_VORFB,1924,0.24854400345125113
VEH_发动机增压_TURBO_9-未知,other,pure_missing_unknown,unknown_missing_category,VEH_发动机增压_TURBO,1926,0.24840020132297963
车辆所有权来源_BESITZ_0-不适用,other,pure_missing_unknown,unknown_missing_category,车辆所有权来源_BESITZ,1931,0.24814135749209087
VEH_第二轴是否双胎_DOUTIRE2_9-未知,other,pure_missing_unknown,unknown_missing_category,VEH_第二轴是否双胎_DOUTIRE2,1939,0.24785375323554792
VEH_第一轴右侧轮胎胎面状态_TIREDA1R_11-爆胎，具体未知,other,pure_missing_unknown,unknown_missing_category,VEH_第一轴右侧轮胎胎面状态_TIREDA1R,1943,0.24742234685073342
先期疾病1_VORKR1_20-心脏疾病，具体未知,other,pure_missing_unknown,unknown_missing_category,先期疾病1_VORKR1,1953,0.24604184641932705
估计事发前的速度_VSCHAETZ_999-未知,other,pure_missing_unknown,unknown_missing_category,估计事发前的速度_VSCHAETZ,1956,0.2458692838654012
VEH_第二轴左侧轮胎胎压_TIREPR2L_999-未知,other,pure_missing_unknown,unknown_missing_category,VEH_第二轴左侧轮胎胎压_TIREPR2L,1960,0.2451790336496981
VEH_直流充电时间_DCTIME_0-不适用,other,pure_missing_unknown,unknown_missing_category,VEH_直流充电时间_DCTIME,1963,0.2449201898188094
视线障碍_SICHTBV_1-是，具体未知,other,pure_missing_unknown,unknown_missing_category,视线障碍_SICHTBV,1965,0.24489142939315503
避让反应_REAKTLE_1-避让，具体未知,other,pure_missing_unknown,unknown_missing_category,避让反应_REAKTLE,1966,0.24486266896750078
VEH_遮阳挡风玻璃_WSSS1_1-有，具体未知,other,partial_unknown_detail,weather_wind,VEH_遮阳挡风玻璃_WSSS1,1967,0.24480514811619217
先期疾病2_VORKR2_1-有，具体未知,other,partial_unknown_detail,other_unique:先期疾病2_VORKR2,先期疾病2_VORKR2,1970,0.24460382513661208
VEH_适应性光线分布_ADAPTLV1_9-未知,other,pure_missing_unknown,unknown_missing_category,VEH_适应性光线分布_ADAPTLV1,1971,0.24446002300834058
VEH_第一轴左侧轮胎胎面状态_TIREDA1L_11-爆胎，具体未知,other,pure_missing_unknown,unknown_missing_category,VEH_第一轴左侧轮胎胎面状态_TIREDA1L,1988,0.24339588725913144
VEH_直流最大充电电流_DCCHC_0-不适用,other,pure_missing_unknown,unknown_missing_category,VEH_直流最大充电电流_DCCHC,1990,0.24325208513085997
无意识变道原因_SPVERLAG_9-未知,other,pure_missing_unknown,unknown_missing_category,无意识变道原因_SPVERLAG,1993,0.2431945642795514
VEH_发动机安装方式_MOTOREL_1-有发动机，具体未知,other,partial_unknown_detail,other_unique:VEH_发动机安装方式_MOTOREL,VEH_发动机安装方式_MOTOREL,2027,0.24192910555076222
VEH_抬头显示_HUDVORH1_0-不适用,other,pure_missing_unknown,unknown_missing_category,VEH_抬头显示_HUDVORH1,2028,0.24192910555076222
VEH_抬头显示_HUDVORH1_9-未知,other,pure_missing_unknown,unknown_missing_category,VEH_抬头显示_HUDVORH1,2029,0.24192910555076222
VEH_左侧遮阳板_SBLENDL1_1-有，具体未知,other,partial_unknown_detail,other_unique:VEH_左侧遮阳板_SBLENDL1,VEH_左侧遮阳板_SBLENDL1,2030,0.24192910555076222
VEH_右侧遮阳板_SBLENDR1_1-有，具体未知,other,partial_unknown_detail,other_unique:VEH_右侧遮阳板_SBLENDR1,VEH_右侧遮阳板_SBLENDR1,2032,0.24192910555076222
VEH_中部遮阳板_SBLENDM1_9-未知,other,pure_missing_unknown,unknown_missing_category,VEH_中部遮阳板_SBLENDM1,2033,0.24192910555076222
VEH_遮阳挡风玻璃_WSSS1_9-未知,other,pure_missing_unknown,unknown_missing_category,VEH_遮阳挡风玻璃_WSSS1,2034,0.24192910555076222
VEH_挡风玻璃对视野的限制_WSSICHT1_9-未知,other,pure_missing_unknown,unknown_missing_category,VEH_挡风玻璃对视野的限制_WSSICHT1,2035,0.24192910555076222
VEH_后窗对视野的限制_HSSICHT1_9-未知,other,pure_missing_unknown,unknown_missing_category,VEH_后窗对视野的限制_HSSICHT1,2036,0.24192910555076222
事故时是否醉酒_TRINKEN_9-未知,other,pure_missing_unknown,unknown_missing_category,事故时是否醉酒_TRINKEN,2049,0.24178530342249066
VEH_后雾灯的使用_NEBELH1_9-未知,other,pure_missing_unknown,unknown_missing_category,VEH_后雾灯的使用_NEBELH1,2066,0.24034728213977574
事故时是否醉酒_TRINKEN_0-不适用,other,pure_missing_unknown,unknown_missing_category,事故时是否醉酒_TRINKEN,2067,0.2403472821397757
VEH_第一轴右侧轮胎纹深_TIREDE1R_999-未知,other,pure_missing_unknown,unknown_missing_category,VEH_第一轴右侧轮胎纹深_TIREDE1R,2075,0.2398295944779983
VEH_第二轴左侧轮胎纹深_TIREDE2L_999-未知,other,pure_missing_unknown,unknown_missing_category,VEH_第二轴左侧轮胎纹深_TIREDE2L,2087,0.23905306298533222
车内视线障碍_SBINNEN_1-是，具体未知,other,pure_missing_unknown,unknown_missing_category,车内视线障碍_SBINNEN,2089,0.23879421915444354
是否佩戴眼镜_BRILLEB_1-是，具体未知,other,pure_missing_unknown,unknown_missing_category,是否佩戴眼镜_BRILLEB,2093,0.23879421915444354
交通灯的功能_LZAB_9-未知,other,pure_missing_unknown,unknown_missing_category,交通灯的功能_LZAB,2115,0.23761504170261724
VEH_挡风玻璃对视野的限制_WSSICHT1_0-不适用,other,pure_missing_unknown,unknown_missing_category,VEH_挡风玻璃对视野的限制_WSSICHT1,2116,0.23738495829738285
事故时的无意识变道_SPVERLA_9-未知,other,pure_missing_unknown,unknown_missing_category,事故时的无意识变道_SPVERLA,2119,0.23721239574345704
VEH_日间行车灯_TAGFL1_9-未知,other,pure_missing_unknown,unknown_missing_category,VEH_日间行车灯_TAGFL1,2120,0.237212395743457
VEH_智能刹车灯_BREMSLI1_0-不适用,other,pure_missing_unknown,unknown_missing_category,VEH_智能刹车灯_BREMSLI1,2126,0.23686727063560542
VEH_动力电池种类_BATTYPE_9-未知,other,pure_missing_unknown,unknown_missing_category,VEH_动力电池种类_BATTYPE,2127,0.23683851020995111
VEH_后部停车距离控制_PARKH1_9-未知,other,pure_missing_unknown,unknown_missing_category,VEH_后部停车距离控制_PARKH1,2163,0.23401998849582978
VEH_动力电池容量_BATPOW_0-不适用,other,pure_missing_unknown,unknown_missing_category,VEH_动力电池容量_BATPOW,2165,0.23384742594190397
VEH_直流最大充电电压_DCCHV_0-不适用,other,pure_missing_unknown,unknown_missing_category,VEH_直流最大充电电压_DCCHV,2177,0.23194923784872018
自杀企图_SUIZID_9-未知,other,pure_missing_unknown,unknown_missing_category,自杀企图_SUIZID,2180,0.23189171699741165
VEH_交流最大充电电流_ACCHC_0-不适用,other,pure_missing_unknown,unknown_missing_category,VEH_交流最大充电电流_ACCHC,2208,0.23189171699741165
VEH_前雾灯的使用_NEBELV1_9-未知,other,pure_missing_unknown,unknown_missing_category,VEH_前雾灯的使用_NEBELV1,2214,0.23189171699741165
VEH_第二轴左侧轮胎胎面状态_TIREDA2L_11-爆胎，具体未知,other,pure_missing_unknown,unknown_missing_category,VEH_第二轴左侧轮胎胎面状态_TIREDA2L,2233,0.23189171699741165
VEH_护栏立柱间距_SPPFOST_9-未知,other,pure_missing_unknown,unknown_missing_category,VEH_护栏立柱间距_SPPFOST,2239,0.23189171699741165
VEH_第二轴右侧轮胎纹深_TIREDE2R_999-未知,other,pure_missing_unknown,unknown_missing_category,VEH_第二轴右侧轮胎纹深_TIREDE2R,2245,0.2305399769916595
VEH_第一轴左侧轮胎胎压_TIREPR1L_0-不适用,other,pure_missing_unknown,unknown_missing_category,VEH_第一轴左侧轮胎胎压_TIREPR1L,2246,0.2301660914581536
VEH_酒精锁死系统_ALKOLOCK1_9-未知,other,pure_missing_unknown,unknown_missing_category,VEH_酒精锁死系统_ALKOLOCK1,2251,0.22852674719585853
广告牌影响_TAFELN_9-未知,other,pure_missing_unknown,unknown_missing_category,广告牌影响_TAFELN,2260,0.2264272361230946
VEH_第二轴左侧轮胎尺寸-高宽比_TIRESIR2L_999-未知,other,pure_missing_unknown,unknown_missing_category,VEH_第二轴左侧轮胎尺寸-高宽比_TIRESIR2L,2265,0.2250754961173426
VEH_驱动形式_ANTR_9-未知,other,pure_missing_unknown,unknown_missing_category,VEH_驱动形式_ANTR,2267,0.22498921484037968
水膜的影响_AQUAPL_9-未知,other,pure_missing_unknown,unknown_missing_category,水膜的影响_AQUAPL,2270,0.22478789186079953
VEH_第一轴左侧轮胎尺寸-高宽比_TIRESIR1L_999-未知,other,pure_missing_unknown,unknown_missing_category,VEH_第一轴左侧轮胎尺寸-高宽比_TIRESIR1L,2273,0.22467285015818234
VEH_第一轴左侧轮胎胎压_TIREPR1L_999-未知,other,pure_missing_unknown,unknown_missing_category,VEH_第一轴左侧轮胎胎压_TIREPR1L,2281,0.22320606844981308
VEH_车辆内部噪声_AKUSTIK1_0-不适用,other,pure_missing_unknown,unknown_missing_category,VEH_车辆内部噪声_AKUSTIK1,2282,0.22294722461892438
VEH_第一轴右侧轮胎尺寸-高宽比_TIRESIR1R_999-未知,other,pure_missing_unknown,unknown_missing_category,VEH_第一轴右侧轮胎尺寸-高宽比_TIRESIR1R,2292,0.22159548461317227
VEH_第二轴右侧轮胎尺寸-高宽比_TIRESIR2R_999-未知,other,pure_missing_unknown,unknown_missing_category,VEH_第二轴右侧轮胎尺寸-高宽比_TIRESIR2R,2303,0.22081895312050623
